dong,starbucks,X,Y,subway,pop0,pop10,pop20,pop30,pop40,pop50,pop60,pop70,poptotal,landprice,0,1,INTO,FN,FT
가락1동,1,965545.7627,1943982.898,-0.097547724,-1.932792374,-1.80989704,-1.370076265,-1.530275061,-1.698234449,-1.766252047,-1.848083306,-1.874831484,4189.393237,0.475394637,0.613864056,0.386135944,0,TRUE,FALSE
가락2동,1,967105.3571,1944185.607,-0.641954206,0.529621342,0.45271055,-0.179103114,-0.008592194,0.232686064,0.460921302,0.321633784,0.100834932,17018.696,0.475394637,0.517410168,0.482589832,0,TRUE,FALSE
가락본동,1,966426.1364,1944247.295,-0.43661375,0.307151088,0.046504399,-0.185217604,0.132605385,0.330204502,0.615742966,0.31810735,0.000582636,16947.25499,0.475394637,0.483617596,0.516382404,1,FALSE,FALSE
가리봉동,0,946320,1942379,1.005156428,-1.014897371,-1.095017027,0.321374056,0.591232939,0.104859651,-0.259925911,-0.725253632,-0.859584078,14553.9922,-0.648224567,0.308842157,0.691157843,1,FALSE,TRUE
가산동,1,945631.8182,1942144.455,-0.406406905,-1.549775441,-1.31209318,1.435409088,2.277274729,1.577145049,0.388998665,-0.820906495,-1.321244769,19292.79227,-0.294492595,0.025741347,0.974258653,1,FALSE,FALSE
가양1동,1,941331.5126,1952187.655,-0.457242293,-1.361746504,-1.361571261,-1.003009108,-1.067176998,-1.244699175,-1.289474951,-1.460741585,-1.438690441,7251.046739,-0.315300358,0.591372305,0.408627695,0,TRUE,FALSE
가양2동,0,942783.871,1952055.452,-0.072223039,-0.118131239,-0.493830375,-0.288462596,0.055315835,-0.350519054,0.317997627,0.467201507,0.809771056,15989.33177,-0.315300358,0.747587875,0.252412125,0,FALSE,FALSE
가양3동,1,943450,1951520.429,-0.450293324,0.052285017,-0.761257047,-0.172514143,0.277517798,-0.220057998,-0.013048073,-0.094675025,0.113753519,15252.68457,-0.315300358,0.54785027,0.45214973,0,TRUE,FALSE
가회동,1,954725,1953249,-1.100006979,-1.079980777,-0.736488733,0.147269106,1.083125544,0.511041413,-0.173177621,-0.610380052,-0.118599956,16200.9195,-0.003183913,0.194963471,0.805036529,1,FALSE,FALSE
갈현1동,1,948807.1429,1958220.429,-0.356339784,1.201967987,1.887393426,1.165303672,0.823329167,1.149241931,1.808301021,2.102206791,2.509293999,26259.69357,-0.388127529,0.625787466,0.374212534,0,TRUE,FALSE
갈현2동,0,948124.0741,1957397.148,0.311484128,1.105867457,1.334077881,-0.061610748,0.121944229,0.35470691,0.563935487,0.656918487,0.891836743,19228.53856,-0.388127529,0.702575213,0.297424787,0,FALSE,FALSE
강일동,1,971264.0411,1951238.726,1.625464559,-0.510890594,-0.492677109,-0.85233235,-0.708953583,-0.690440174,-0.840814446,-0.908768812,-0.998881341,10475.13087,-0.934331308,0.733465354,0.266534646,0,TRUE,FALSE
개봉1동,0,942843.1818,1944494.455,0.169982815,-0.374751838,-0.59314882,-0.700316404,-0.73886623,-0.75711546,-0.672948948,-0.480190904,-0.767181547,11207.3935,-0.752263382,0.721841507,0.278158493,0,FALSE,FALSE
개봉2동,0,943418.1818,1943930.818,-0.582656214,2.098146453,0.513006329,-0.012309076,0.417255138,0.425316221,0.697342238,1.52504994,0.61697447,20150.62909,-0.752263382,0.759135437,0.240864563,0,FALSE,FALSE
개봉3동,0,943100,1943249,0.982623682,0.239141439,-0.440293425,-0.760438584,-0.683699586,-0.538980513,-0.372356018,-0.352573795,-0.420310184,12371.22133,-0.752263382,0.759824491,0.240175509,0,FALSE,FALSE
개포1동,0,960846.3415,1942335.585,1.230009148,-1.843013893,-1.552997175,-1.159482394,-1.266938228,-1.413113168,-1.33273536,-1.345883376,-1.571354336,6226.682024,1.141243054,0.647425787,0.352574213,0,FALSE,FALSE
개포2동,0,961912.2449,1942994.918,0.04133112,-1.455710074,-0.685718916,-0.890521493,-0.957063327,-0.838640844,-0.726864807,-0.736043001,-1.136559174,9533.0065,0.501404341,0.626338077,0.373661923,0,FALSE,FALSE
개포4동,1,960328.2609,1941864.217,1.870391363,-1.277759729,-1.117806346,-0.92825369,-0.872711082,-1.022681369,-1.218328812,-1.219181887,-1.536361107,8157.975652,1.141243054,0.593589381,0.406410619,0,TRUE,FALSE
거여1동,0,968400,1943962.889,-0.627966679,0.182178749,0.514206235,-0.479424915,-0.349639218,-0.008692863,0.246889061,0.350940929,0.249787369,15792.86817,2.826671859,0.474060031,0.525939969,1,FALSE,TRUE
거여2동,0,968575,1943706.5,-0.683920298,0.777078057,0.786550801,-0.396746287,0.056769478,0.369811999,0.494213564,0.607027219,0.486936387,17771.8452,2.826671859,0.438428148,0.561571852,1,FALSE,TRUE
고덕1동,0,969145.7317,1950977.659,-0.050071757,0.213539865,0.135062353,-0.810002797,-0.723358818,-0.547169217,-0.657397006,-0.662089865,-0.842408581,11842.50571,-1.470131206,0.729840543,0.270159457,0,FALSE,FALSE
고덕2동,0,970229.8701,1951083.416,-0.253410492,-1.480860593,-0.87424608,-1.118884758,-1.332048743,-1.326252157,-1.390148729,-1.422573149,-1.441480472,6901.333909,-1.470131206,0.738333383,0.261666618,0,FALSE,FALSE
고척1동,0,943667.1053,1944514.789,-0.148089461,0.339919211,0.541050649,-0.224825341,-0.331660257,-0.174429005,-0.259180189,-0.283313145,-0.826858605,14436.27842,-0.752263382,0.584830504,0.415169496,0,FALSE,FALSE
고척2동,0,943450,1945374,1.257393611,0.470295956,0.175339907,-0.56065769,-0.401790153,-0.130626796,-0.106734858,-0.018669162,-0.511917642,14279.26525,-0.752263382,0.738444495,0.261555505,0,FALSE,FALSE
공덕동,1,951931.25,1949910.719,-0.619279442,1.408061329,0.383065593,0.315393357,0.883676339,0.919583124,0.877013667,0.763383748,0.790239748,20981.77427,-1.176221553,0.489292118,0.510707882,1,FALSE,FALSE
공릉1동,1,962356.875,1958290.875,-0.643053981,0.863628686,0.59898906,0.317641521,0.310622177,0.496757281,0.953927199,1.108577821,0.642558689,19985.81743,-0.53378187,0.61285208,0.38714792,0,TRUE,FALSE
공릉2동,0,963958.6957,1958842.913,1.97417928,-1.341871263,-0.844409512,-0.883155778,-1.337178548,-1.381986028,-1.61606386,-1.746793898,-1.725393069,6636.46993,-0.53378187,0.690367558,0.309632442,0,FALSE,FALSE
공항동,0,939391.1565,1951273.83,-0.053628765,-0.726931039,-1.39242896,-0.993568805,-1.141568883,-1.377735144,-1.512622243,-1.642907235,-1.690766794,6818.002381,-1.371294332,0.665911201,0.334088799,0,FALSE,FALSE
광장동,1,964911.3861,1949598.01,-0.078522562,0.221540899,0.878680175,-0.374298358,-0.312425023,0.665645337,0.232496021,-0.201656558,0.049251913,16331.84889,-2.676981462,0.623941288,0.376058712,0,TRUE,FALSE
광희동,1,956038.4615,1951800.099,-0.845132743,-1.214495636,-0.701055616,0.272155553,0.425646232,0.499502948,0.603089346,0.117394702,0.112731541,16861.80018,0.820803503,0.258320723,0.741679277,1,FALSE,FALSE
교남동,1,952650,1952352.448,-0.41857442,-0.46199127,-0.65027401,-0.577774101,-0.552581605,-0.413626244,-0.6298432,-0.814330363,-0.311150291,11999.13038,0.933165424,0.428623938,0.571376062,1,FALSE,FALSE
구로1동,0,944525,1944199,-0.871212619,2.706699278,1.551671165,0.175865466,0.987853481,1.022704099,1.111713964,0.874521391,0.355715477,22304.408,-0.648224567,0.50579805,0.49420195,0,FALSE,FALSE
구로2동,0,945187.2093,1944483.884,0.261798854,-1.071994348,-0.841070114,-0.450145573,-0.406473415,-0.36787125,-0.323660429,-0.53107032,-0.919208945,11982.05644,-0.648224567,0.569897379,0.430102621,0,FALSE,FALSE
구로3동,1,946617.7778,1942981.222,-0.447688244,-0.231250814,-0.442293551,1.842775715,2.671120417,1.684843719,1.072895865,0.760417043,0.330192263,24562.29384,-0.648224567,0.090772418,0.909227582,1,FALSE,FALSE
구로4동,0,946182.6923,1943927.846,-0.424166041,0.64945501,-0.104711173,0.21243217,0.631498553,0.355904948,0.276246533,0.423879298,0.333963361,18255.90619,-0.648224567,0.503594511,0.496405489,0,FALSE,FALSE
구로5동,1,946044.3396,1944890.509,-0.011212206,1.734034582,0.503970605,1.340688349,1.753795238,1.223298737,1.313776995,1.147385402,0.783789605,24636.68948,-0.648224567,0.305638193,0.694361807,1,FALSE,FALSE
구산동,0,948313.6364,1956753.545,-0.348552287,1.26914027,1.189843973,-0.371883869,-0.241152148,0.042800621,0.019190067,0.026522706,0.260680391,16663.03173,-0.263280951,0.645085514,0.354914486,0,FALSE,FALSE
구의1동,1,963200,1948749,-0.920030847,1.118604429,1.031847839,1.228858876,1.158097363,1.235831185,1.584987518,1.423160014,1.793486821,25023.58567,0.797914964,0.292230185,0.707769816,1,FALSE,FALSE
구의2동,1,963747.7778,1949897.889,0.06360716,0.990898028,0.66119403,-0.400927937,-0.231476298,-0.136289025,-0.061526344,-0.031908194,-0.149383898,15568.01813,0.797914964,0.58828375,0.41171625,0,TRUE,FALSE
구의3동,1,964204.4118,1948628.412,-0.707470781,1.003435616,1.549271933,1.682094342,1.261639209,1.714951461,2.257712001,1.986376767,1.604991937,27343.54344,0.797914964,0.247261415,0.752738585,1,FALSE,FALSE
군자동,1,962242.3913,1950375.087,-0.160254848,-0.252773001,-0.107822288,0.371002493,-0.283667492,-0.563624649,-0.440139694,-0.48967906,-0.577461568,14178.93498,-1.459727325,0.549614322,0.450385678,0,TRUE,FALSE
금호1가?0,958118.1818,1950394.455,0.239507038,0.44477743,-0.118974989,-0.692074004,-0.159833138,-0.149273664,-0.463023989,-0.293105521,-0.129572545,13965.48882,-0.481762462,0.653883231,0.346116769,0,,FALSE,FALSE
금호2.3?0,957635,1950094,-0.193500034,0.829181377,-0.435719316,-0.558537998,-0.162859414,-0.21336536,-0.177133837,0.026593481,0.359973922,14888.7325,-0.481762462,0.683876834,0.316123166,0,,FALSE,FALSE
금호4가?1,957692,1949873,0.011748674,1.578594674,-0.081334446,-0.217111527,0.241297597,0.298271528,0.350606136,0.58464026,0.910716531,18167.89248,-0.481762462,0.659198779,0.340801221,0,,FALSE,FALSE
길동,1,968644.2623,1948697.361,0.507569271,0.127362892,-0.257859183,-0.288801418,-0.126348621,-0.125989938,0.191061423,0.214270381,-0.211473725,15195.2041,1.234877987,0.559041957,0.440958043,0,TRUE,FALSE
길음1동,0,957816.6667,1956434.185,-0.152861976,2.772848992,1.913788154,0.085517444,0.638374803,1.303177491,1.058732251,1.532092919,1.36766252,23490.68148,1.026800357,0.550229681,0.449770319,0,FALSE,FALSE
길음2동,1,958442.8571,1956379.357,-0.247448398,-0.015920948,-0.013070836,-0.434939445,-0.231171771,-0.040709927,0.016309961,0.013606507,-0.084209973,14850.41275,0.667866445,0.545141262,0.454858738,0,TRUE,FALSE
낙성대동,1,952045.4545,1941800.515,0.294783586,-0.73732699,-0.441096977,0.501769091,-0.292410322,-0.758557777,-0.838650393,-0.776465648,-0.773852224,13056.87588,-0.242473188,0.42322838,0.57677162,1,FALSE,FALSE
남가좌1?1,948481.5789,1952512.158,-0.488053282,0.270247603,-0.746151589,-0.87733743,-0.865563612,-0.853405148,-1.053285198,-0.933020693,-0.653051066,10361.49311,0.579433452,0.568953718,0.431046282,0,,FALSE,FALSE
남가좌2?1,949034.7826,1953031.609,1.652883085,-0.284359997,-0.353867426,-0.544872281,-0.667489606,-0.503751252,-0.566254332,-0.379886092,-0.047301792,12661.88735,0.579433452,0.676995466,0.323004534,0,,FALSE,FALSE
남영동,1,953398.6842,1949656.237,-0.650073153,-0.848155695,-0.378045149,0.506435518,0.706157874,0.568685054,0.226239934,-0.041817975,0.17858579,17616.44507,-0.336108121,0.270348011,0.729651989,1,FALSE,FALSE
남현동,1,953987.5,1941680.25,0.121857042,0.352422509,-0.414439656,0.378307864,0.153701435,-0.261367719,0.107572188,0.248227745,-0.09199586,16409.7375,-1.105995353,0.613339817,0.386660183,0,TRUE,FALSE
내곡동,1,960972.8,1940056.6,2.144516059,-1.810437289,-1.932162818,-1.298662726,-1.353648889,-1.599272621,-1.85348687,-2.078684017,-2.107141641,4161.996936,-0.169646017,0.6745249,0.325475101,0,TRUE,FALSE
노량진1?1,951336.25,1946142.75,-0.677670902,-1.143004402,-0.074479459,2.590752137,0.30695828,-0.60071399,-0.678389056,-0.779871484,-0.674162038,17191.45738,0.090451021,0.091677307,0.908322693,1,,FALSE,FALSE
노량진2?0,950425.6757,1945801.703,-0.646580419,-0.464032473,0.331263023,1.479634894,0.433530337,0.05715705,0.302455049,0.410611359,0.604570153,19555.36927,-0.044799439,0.311931217,0.688068783,1,,FALSE,FALSE
녹번동,0,949721.1111,1956124.556,-0.524290098,-0.143067779,-0.382361307,-0.705697644,-0.640328924,-0.565792248,-0.457522323,-0.377920724,-0.214682945,12410.17773,0.007219969,0.649517515,0.350482485,0,FALSE,FALSE
논현1동,1,958032.1429,1945860.31,-0.766113407,-0.881644953,-0.400229244,1.765726454,1.9476693,0.97435121,0.291205117,0.364609253,0.078067524,21539.19813,1.432551736,0.068756731,0.931243269,1,FALSE,FALSE
논현2동,1,958870,1946183.348,-0.564881662,-0.998650599,-0.993028857,0.544719257,0.972245775,0.258816692,-0.376955464,-0.264708586,-0.468810583,16086.35912,1.432551736,0.162798177,0.837201823,1,FALSE,FALSE
능동,0,962733.8235,1950037.235,-0.365735264,-0.642620959,-0.507192969,-0.005581947,-0.731579897,-1.147113238,-1.321681924,-1.401087666,-1.370946213,10142.81868,-1.803055415,0.543737213,0.456262787,0,FALSE,FALSE
다산동,1,956669.2308,1950729.769,-0.853381335,0.214205635,-0.006068924,-0.033648101,0.155762787,0.154505889,0.152000986,0.398405059,0.963689386,17367.58915,0.829126608,0.49046192,0.50953808,1,FALSE,FALSE
답십리1?1,960332.5581,1952406.558,-0.465897948,-0.453162075,-0.787322083,-0.555139928,-0.571640755,-0.629976272,-0.569427587,-0.533786102,-0.459493088,11852.20998,3.097172778,0.361494327,0.638505673,1,,FALSE,FALSE
답십리2?0,960994.7368,1952093.737,0.43833105,-0.889010068,-0.914482557,-0.748165335,-0.786583554,-0.7337273,-0.663315996,-0.644698197,-0.659337555,10628.85868,3.097172778,0.431806655,0.568193345,1,,FALSE,FALSE
당산1동,0,946609.8485,1947242.182,-0.66980019,0.285445525,-0.588678158,-0.085869197,0.25889522,0.261343573,0.344994559,0.253781194,0.142976503,16592.76597,0.308932533,0.43956262,0.56043738,1,FALSE,TRUE
당산2동,1,947028.5714,1948107.333,-0.676513441,2.005920118,0.859650374,1.765396529,1.953825457,1.604068153,1.820759417,1.908857496,2.01185601,28093.29317,-1.064379827,0.336625838,0.663374162,1,FALSE,FALSE
대림1동,0,947600,1943891.857,0.247585109,-0.060541049,-0.244800817,-0.173029509,-0.281076573,-0.161343392,0.122513639,0.310928429,0.011333433,15249.74521,1.286897395,0.554125313,0.445874687,0,FALSE,FALSE
대림2동,0,947090,1943499,-0.935527153,-0.625750557,-0.556211242,0.467923157,0.560400782,0.288220079,0.498889252,0.61957784,0.217093535,17823.11,1.286897395,0.324156481,0.675843519,1,FALSE,TRUE
대림3동,0,946753.5088,1944610.404,0.254663474,0.225630912,-0.337753017,-0.366610815,-0.289339957,-0.209740388,-0.075721474,-0.044000285,-0.281917112,14348.97586,1.286897395,0.518315563,0.481684437,0,FALSE,FALSE
대방동,0,949279.4643,1945565.964,-0.472136171,-0.152094367,0.320326132,0.184134448,0.03573783,0.185984717,0.054489517,0.040332607,0.192031002,16695.22034,0.204893718,0.424975669,0.575024332,1,FALSE,TRUE
대조동,1,948986.9565,1956996.826,-0.761949824,0.780116156,0.669147735,0.259690964,0.329354602,0.496107411,0.868155735,0.991328563,1.450975884,20394.31033,-0.086414965,0.594934609,0.405065391,0,TRUE,FALSE
대치1동,1,960963.0952,1943925.19,-0.897740165,0.614911451,3.895088531,-0.055725857,0.075405165,1.848879131,1.054615729,0.757156818,0.561419418,22285.95726,0.433779111,0.373315182,0.626684819,1,FALSE,FALSE
대치2동,1,961550.9852,1944615.749,-0.337037379,-0.6420467,1.503414347,0.318134344,0.80396774,1.16564302,0.533110934,0.34055053,-0.234699566,19572.10918,0.433779111,0.276376803,0.723623197,1,FALSE,FALSE
대치4동,1,960563.2353,1944663.706,-0.511888601,0.527721427,3.455268953,0.949934154,1.77385766,2.804794102,1.532102264,1.122005485,0.686141865,27086.20297,0.433779111,0.12977892,0.87022108,1,FALSE,FALSE
대학동,0,951100,1940756.143,4.149800364,-1.968572768,-1.483472322,-0.43345547,-1.31132699,-1.798605804,-1.988237441,-2.102002403,-2.105491123,5369.273,0.464990755,0.632360595,0.367639405,0,FALSE,FALSE
대흥동,1,950636.8421,1950385.842,-0.757827272,0.052548682,1.283740155,1.803380238,0.279758093,0.238927403,0.217534669,0.126051631,0.566018886,20574.81221,-1.109462967,0.274583116,0.725416884,1,FALSE,FALSE
도곡1동,1,959262.2807,1943284.965,-0.281371297,-0.33392656,-0.028351626,0.382320959,0.956697403,0.873383186,0.540672034,0.675310129,0.415185679,19437.94861,-0.512974107,0.403170756,0.596829244,1,FALSE,FALSE
도곡2동,1,960172.8916,1943257.434,-0.317196145,0.696233387,1.399602026,0.289606855,0.955011556,1.789164525,1.459182528,1.758623404,1.578626165,23982.30319,-0.512974107,0.528712739,0.471287262,0,TRUE,FALSE
도림동,0,947118.1818,1945755.818,0.427913455,0.671142325,-0.252271384,-0.317396656,-0.226352954,-0.278546297,-0.101547374,0.104918161,0.03342762,15014.94818,-0.66903233,0.707613435,0.292386565,0,FALSE,FALSE
도봉1동,0,959708.3333,1964649,-0.42316581,-0.944053183,-1.088090525,-0.908286242,-1.054641616,-1.107590324,-0.853042807,-0.576933851,-0.505630331,9594.722792,-0.752263382,0.766085941,0.233914059,0,FALSE,FALSE
도봉2동,0,959892.5926,1964458.259,-0.665072502,-0.322232499,-0.637318065,-0.605389953,-0.662660146,-0.629804251,-0.32447165,0.020573221,0.009816653,12778.88837,-0.752263382,0.748039704,0.251960296,0,FALSE,FALSE
도화동,1,951290,1949152.333,-1.04796528,0.645320047,-0.017624462,0.521047507,1.387134795,1.386967601,1.172645872,0.946273734,1.111259658,22324.8816,-1.074783709,0.343399259,0.656600741,1,FALSE,FALSE
독산1동,1,946085.2941,1940340.176,0.468028021,-0.147192558,-0.975493605,-0.895363749,-0.934601903,-0.928225421,-0.9842947,-1.046399503,-1.102151034,9472.189941,-0.388127529,0.657508091,0.342491909,0,TRUE,FALSE
독산2동,0,946800,1940629,0.89486885,-0.93748076,-1.072945745,-0.832819569,-0.848622344,-0.915408983,-0.800052777,-0.821905229,-1.156403002,9518.743,-0.388127529,0.697344723,0.302655277,0,FALSE,FALSE
독산3동,1,946971.875,1941961.5,1.482933452,-0.905326773,-1.099917817,-0.659161543,-0.621627963,-0.756429749,-0.558834093,-0.593645628,-1.051034489,10625.15425,-0.388127529,0.703922706,0.296077294,0,TRUE,FALSE
독산4동,0,946865,1941257.333,1.416728678,-0.814608533,-1.075448193,-0.634001478,-0.601272346,-0.589611126,-0.467247296,-0.693226653,-1.14892943,10830.07847,-0.388127529,0.64362508,0.35637492,0,FALSE,FALSE
돈암1동,1,957966.6667,1955932.333,-0.98792811,2.16581981,1.942157739,0.373736767,0.709288685,1.3636569,1.699381058,2.16060227,2.082026735,25294.21133,0.215297599,0.646810845,0.353189155,0,TRUE,FALSE
돈암2동,0,957075,1955724,-0.407680311,0.960111066,0.647019085,-0.313823125,-0.117121893,0.224948067,0.293287322,0.372555595,0.549450306,17255.7675,0.215297599,0.608149989,0.391850011,0,FALSE,FALSE
동선동,1,957273.0769,1954918.231,-0.86616926,0.768367409,2.087886849,1.328942136,0.200743293,0.381059106,0.322825882,0.155723454,0.34579559,20727.88508,-0.100720302,0.288453288,0.711546712,1,FALSE,FALSE
동화동,0,957163.6364,1951512.636,-0.90503901,-0.492129579,-0.539122515,-0.32987496,-0.396909527,-0.234878639,-0.098932309,-0.205595362,0.082018189,13931.05918,0.829126608,0.462330172,0.537669828,1,FALSE,TRUE
둔촌1동,0,968008.6957,1946982.696,-0.568396385,-1.76746477,-1.22116797,-1.281530314,-1.570090138,-1.692636094,-1.78640269,-1.851689564,-1.905175637,4696.779348,0.506606282,0.596154655,0.403845345,0,FALSE,FALSE
둔촌2동,0,968491.25,1948236.5,0.278061294,0.412962869,0.184026629,-0.273277805,-0.135662978,-0.123945215,0.32879945,0.427834039,0.02631798,16073.8277,0.506606282,0.663665905,0.336334096,0,FALSE,FALSE
등촌1동,0,943087.037,1950936.037,-0.04836868,-0.052473339,-0.413769496,-0.123659476,0.037698871,-0.235679499,-0.180917733,-0.238652349,0.099975033,14955.13989,-0.39853141,0.555764419,0.444235581,0,FALSE,FALSE
등촌2동,0,943730,1949319,1.377729898,0.091908596,0.596898985,-0.358759256,-0.177302054,-0.138369243,0.08387823,0.131703628,-0.195377744,15436.8838,-0.39853141,0.743175973,0.256824027,0,FALSE,FALSE
등촌3동,1,942061.8421,1951447.684,-0.130428446,-0.079316832,0.357201626,0.205458576,0.390417531,0.337048193,0.597575287,0.21283039,0.457767495,18111.00616,-0.39853141,0.4968738,0.5031262,1,FALSE,FALSE
마장동,0,959314.3939,1952085.364,-0.344201977,-0.160692873,-0.088498819,0.176640227,-0.174046929,-0.135551603,0.036808107,-0.022821456,0.164887631,15772.85767,-1.230841931,0.580669768,0.419330232,0,FALSE,FALSE
마천1동,0,969652.5,1944019,-0.105025018,-1.086642897,-1.058306209,-1.121965961,-1.287143032,-1.367374253,-1.366410684,-1.24286336,-1.350098272,7186.9541,3.003537845,0.479706193,0.520293807,1,FALSE,TRUE
마천2동,0,969119.5122,1944658.756,0.729912455,-1.179785487,-1.084509871,-1.086299228,-1.259698233,-1.28719514,-1.248665434,-1.215604243,-1.203945856,7512.513439,3.003537845,0.507476507,0.492523493,0,FALSE,FALSE
망우3동,0,964367.7419,1954855.452,0.839406023,-0.235575037,0.091141762,-0.473147524,-0.636050043,-0.583330037,-0.173189398,-0.257763996,-0.243023181,13295.08513,-0.034395557,0.719764076,0.280235924,0,FALSE,FALSE
망우본동,0,964829.6512,1955627.488,0.29459221,-0.418789386,-0.473649241,-0.653676494,-0.710826112,-0.755743832,-0.323685946,-0.382899216,-0.376845517,12013.28738,-0.034395557,0.711579615,0.288420386,0,FALSE,FALSE
망원1동,0,947412.5,1950761.5,0.308095785,0.574764296,-0.096365807,-0.211632868,0.02699537,-0.209479661,-0.328009592,-0.150258041,-0.210744775,15046.1005,-1.064379827,0.648923929,0.351076071,0,FALSE,FALSE
망원2동,0,947194.7368,1951006.895,0.579881541,0.264610955,-0.07211362,-0.28231152,0.009707054,-0.110877048,-0.251913485,-0.190965892,-0.126876638,14987.52226,-1.064379827,0.650240707,0.349759293,0,FALSE,FALSE
면목2동,0,962975.9259,1954465.667,0.363282725,-0.490693671,-0.725029836,-0.752412544,-0.801654062,-0.833312136,-0.659449333,-0.661870149,-0.495016509,10932.14422,-0.929129367,0.737559883,0.262440117,0,FALSE,FALSE
면목3.8?0,963967.1053,1953999,0.013785743,0.422098975,0.413634675,-0.225260349,-0.402208068,-0.306726246,0.005137758,-0.024679235,0.022670527,15220.20171,-0.929129367,0.703407611,0.296592389,0,,FALSE,FALSE
면목4동,0,963179.4118,1952799,-0.141912987,0.206284097,-0.337107301,-0.636427976,-0.53594739,-0.577698901,-0.369389976,-0.19400474,-0.52386339,12779.81147,-0.929129367,0.738463335,0.261536665,0,FALSE,FALSE
면목5동,0,962950,1953692.333,0.750893404,-1.340531354,-1.369010832,-1.150758719,-1.274385397,-1.417840798,-1.464747071,-1.482340585,-1.494234838,6432.193633,-0.929129367,0.740158101,0.259841899,0,FALSE,FALSE
면목7동,1,963443.3333,1953329,-0.258577446,0.009684846,-0.304337585,-0.443334662,-0.43647486,-0.394169629,-0.068004732,0.032763198,-0.189332295,13941.23507,-0.929129367,0.71716569,0.28283431,0,TRUE,FALSE
면목본동,0,963671.1538,1954506.692,-0.690790098,0.292888965,0.233817116,-0.01701588,0.058382248,0.14639906,0.656989885,0.597149512,0.596213644,17727.61273,-0.929129367,0.662906641,0.337093359,0,FALSE,FALSE
명동,1,954408.7121,1951742.182,-0.801758941,-0.280431922,-0.383947848,2.988241125,4.679852479,4.051373668,2.579115158,1.534770465,1.685035473,33677.61292,0.436493484,0.006783908,0.993216092,1,FALSE,FALSE
명일1동,1,968633.3333,1950029,-0.815835516,1.165543607,1.763365991,0.211786019,0.401055627,0.983359483,1.730265889,1.934232773,1.216105691,22958.85367,-0.128030491,0.711257532,0.288742468,0,TRUE,FALSE
명일2동,1,969279.5918,1950168.388,0.008729274,0.151411787,1.884671286,-0.201179523,-0.248419716,0.32683544,0.588198651,0.790337518,0.397736824,18224.58912,-0.128030491,0.730425163,0.269574837,0,TRUE,FALSE
목1동,1,944769.2,1947779.8,-0.349028081,0.789641322,2.181886969,0.686688692,0.931447367,1.987574487,1.501179716,0.765991573,0.4381378,23730.53931,-0.492166344,0.237247154,0.762752846,1,FALSE,FALSE
목2동,0,945133.3333,1949645.667,-0.580152079,-1.021204642,-0.773871678,-0.780866801,-0.826711965,-0.832218963,-0.962012889,-1.039111898,-1.232935189,9515.3612,-0.492166344,0.577129157,0.422870843,0,FALSE,FALSE
목3동,1,943742.8571,1949627.571,0.70421171,0.728457391,0.423280763,-0.263308174,-0.053005541,0.00429022,0.29881009,0.37417489,-0.003488197,16526.41421,-0.492166344,0.716864368,0.283135632,0,TRUE,FALSE
목4동,0,943980.5556,1948429.556,1.063870467,-0.500098961,0.11124886,-0.659272741,-0.668532081,-0.395139064,-0.549256561,-0.622254237,-0.802660466,12073.88561,-0.492166344,0.671066308,0.328933692,0,FALSE,FALSE
목5동,1,945150.4425,1948683.956,0.896265708,-0.548447965,0.571069687,-0.693071332,-0.732948614,-0.094515112,-0.497886249,-0.722903581,-0.691083239,12570.2985,-0.492166344,0.609809895,0.390190105,0,TRUE,FALSE
무악동,0,952018.75,1953070.875,-0.774614591,-0.552228743,-0.512926249,-0.966126462,-1.053118414,-0.894056885,-0.973336354,-0.789793306,-0.298272337,10184.71094,0.693876149,0.623154201,0.3768458,0,FALSE,FALSE
묵1동,1,962929.1667,1957252.125,-0.790998263,0.070004254,-0.261548028,-0.410349104,-0.32770781,-0.335068201,-0.120728374,-0.039331876,-0.043916382,14247.88833,-0.138434372,0.617136937,0.382863064,0,TRUE,FALSE
묵2동,0,962627.7778,1956815.667,-0.660253775,0.359563985,-0.150939735,-0.347391538,-0.194333618,-0.208592487,0.118856239,0.285434233,0.14492923,15391.32767,-0.138434372,0.655651692,0.344348308,0,FALSE,FALSE
문래동,1,946507.2626,1946431.402,-0.306435366,0.032220489,-0.493755082,0.004295077,0.256906399,0.093317063,-0.025162372,0.009739608,0.085348667,15992.78431,-0.582333664,0.497293086,0.502706914,1,FALSE,FALSE
문정1동,1,966917.5,1943254.833,-0.094082961,0.138586326,-0.016491357,-0.39090269,-0.24790399,-0.313567142,-0.049394315,-0.095516597,-0.578134247,14195.56315,0.621048978,0.57355298,0.42644702,0,TRUE,FALSE
문정2동,1,966299.7382,1942608.162,0.000828672,-1.378118972,-1.31409847,-0.673597263,-0.362341313,-0.456928323,-0.79871743,-1.254289072,-1.412588125,9904.216372,0.111258784,0.38284358,0.61715642,1,FALSE,FALSE
미성동,0,948333.3333,1942654.556,0.716326309,-0.791731502,-0.759985204,-0.503883396,-0.703111038,-0.868704728,-0.706009788,-0.64404887,-0.948194534,10844.82622,0.464990755,0.617716337,0.382283663,0,FALSE,FALSE
미아동,1,958084.6154,1958935.538,-0.61753264,-0.252319606,0.186719993,0.021843945,-0.2112509,0.07327184,0.746916878,0.840666693,0.991291326,17657.58177,-0.273684832,0.685413107,0.314586893,0,TRUE,FALSE
반포1동,1,957068.3908,1945113.943,-0.632424394,0.671091629,0.466361771,0.112050912,0.300665859,0.543798331,0.011491808,0.138210996,0.00406819,17615.09178,-0.596205159,0.421992663,0.578007337,1,FALSE,FALSE
반포2동,0,955637.1795,1945010.538,-0.868476053,1.180375908,1.492404062,0.072537928,0.371276852,1.356078359,0.934359431,1.148030108,1.257809858,21740.243,-0.596205159,0.521788799,0.478211201,0,FALSE,FALSE
반포3동,1,956339.3617,1945661.766,-0.57217602,1.518318384,2.038238646,1.14609463,1.607956954,2.752754462,2.600584997,2.583977957,2.201076097,29689.04021,0.048835495,0.312100112,0.687899888,1,FALSE,FALSE
반포4동,1,956303.3333,1944853,-0.51318317,0.461329654,1.009618777,2.055866642,2.277322928,2.294099086,2.29495209,2.036516643,1.772081637,29239.00155,-0.596205159,0.174512581,0.825487419,1,FALSE,FALSE
반포본동,0,954675,1944824,-1.243618124,-1.109393225,0.30316916,-0.729976308,-0.80914172,0.191677455,-0.511824276,-0.459357638,-0.165551921,12843.40875,-0.596205159,0.50261429,0.49738571,0,FALSE,FALSE
발산1동,1,940266.5254,1950510.864,1.154522292,-0.954639328,-1.030411654,-1.130905256,-1.244836998,-1.263557024,-1.538577004,-1.660277237,-1.770074173,6647.107271,-0.78694264,0.692496006,0.307503994,0,TRUE,FALSE
방배1동,1,955850,1942649,-0.613073216,-0.618683876,0.368869525,-0.176056433,-0.149929841,-0.200987287,-0.506133785,-0.348763654,-0.304423279,14300.29167,0.725087793,0.44531858,0.55468142,1,FALSE,FALSE
방배2동,1,954352.1739,1941468.565,0.011137833,-1.184848264,-1.306567795,-0.486860731,-0.826558823,-1.148533491,-1.109433819,-1.181651291,-1.310428302,8932.206783,0.725087793,0.480399685,0.519600315,1,FALSE,FALSE
방배3동,1,955645.8333,1941897.611,0.957300104,-1.342830669,-0.908995298,-0.926409358,-1.051831113,-1.126051603,-0.986586884,-0.783150214,-0.855362876,8970.372222,0.725087793,0.709554728,0.290445272,0,TRUE,FALSE
방이1동,1,966625.9259,1945513.815,-0.097467557,0.393837568,0.211733025,-0.647081168,-0.750787169,-0.560207823,-0.428585508,-0.414044213,-0.630382679,12686.18567,1.557398314,0.557746141,0.442253859,0,TRUE,FALSE
방이2동,1,965715.7143,1946031.143,-0.743852134,1.220198272,0.928085772,1.882557007,2.099158368,1.477039795,1.613801735,1.500371264,1.10483854,26853.96086,1.557398314,0.133787875,0.866212125,1,FALSE,FALSE
방학1동,0,959658.4746,1962879.508,-0.094720837,-0.12003063,-0.176592397,-0.560160251,-0.56650246,-0.302232911,0.063795751,0.046323698,-0.012305353,13979.75378,-1.116399235,0.748155695,0.251844305,0,FALSE,FALSE
방학2동,0,958708.3333,1962640.667,2.281495872,0.212928177,0.173286284,-0.484893863,-0.571146475,-0.331877279,0.207753327,0.434580762,0.527597039,15240.301,-1.116399235,0.881157653,0.118842347,0,FALSE,FALSE
방학3동,0,958346.1538,1962568.231,2.345394275,-0.058832856,-0.044890997,-0.617409228,-0.73220301,-0.468299963,-0.053201623,0.12067996,0.281924889,13838.75154,-1.116399235,0.872038088,0.127961912,0,FALSE,FALSE
방화1동,1,939878.3333,1952064.556,-0.594569015,-1.575221767,-1.702916481,-1.340676879,-1.496200886,-1.777505988,-1.973975215,-2.02783087,-2.031991806,4016.6941,-0.346512003,0.623418088,0.376581912,0,TRUE,FALSE
방화2동,0,938573.8806,1952207.209,-0.485602027,-1.005986189,-1.06678088,-0.591082651,-0.634423906,-0.911391558,-0.980375528,-1.084356021,-1.23000478,9712.02497,-1.381698213,0.60508275,0.39491725,0,FALSE,FALSE
방화3동,0,939484.6154,1953333.615,-0.261655259,-0.07919132,-0.51477178,-0.619166803,-0.231526592,-0.446533778,-0.297932261,-0.139693581,-0.24247758,13356.29306,-0.377723647,0.682032053,0.317967947,0,FALSE,FALSE
번1동,1,958518,1959879,-0.027267658,-0.233122036,0.005009303,0.268247272,-0.091228889,0.088716789,0.420942637,0.579378605,0.714871386,17402.37292,-0.710647856,0.629708913,0.370291087,0,TRUE,FALSE
번2동,0,959195.4545,1959199,1.982713079,-0.588607699,-0.754917101,-0.968360741,-1.09812871,-1.003309989,-1.060913826,-0.87047859,-0.75715125,9370.635636,-0.710647856,0.804389714,0.195610286,0,FALSE,FALSE
번3동,0,959290,1958649,1.849898025,0.471112926,0.212946961,-0.453158451,-0.438322439,-0.202136181,0.034604456,0.175989005,0.12338591,15082.3184,-0.710647856,0.800370548,0.199629452,0,FALSE,FALSE
보광동,0,956150,1947599,0.10320935,-1.110476168,-1.195320899,-0.784827566,-0.773053931,-0.930773435,-0.976218108,-1.001571975,-0.877258611,9446.791,0.163278192,0.58800911,0.41199089,0,FALSE,FALSE
보라매동,1,949386.3636,1943710.364,0.712578417,0.939915074,0.154849556,0.592999123,1.014434031,0.739820345,0.594567044,1.060683485,1.237202093,21329.04459,-0.242473188,0.537883227,0.462116773,0,TRUE,FALSE
보문동,0,957623.3333,1953839,-0.627502482,0.533339802,0.054356743,-0.021693639,-0.302370678,-0.222299483,0.074523653,-0.017603129,0.406926076,15879.78531,-0.304896477,0.574915782,0.425084218,0,FALSE,FALSE
부암동,0,952330.5556,1955785.111,4.311342284,-1.902457109,-1.372379095,-1.188532518,-1.56174789,-1.688596263,-1.860465651,-1.917067951,-1.699971996,4733.228444,1.078819765,0.751332998,0.248667002,0,FALSE,FALSE
북가좌1?0,947692.8571,1952963.286,0.172444442,1.067813451,0.688468928,-0.367303552,-0.199917046,0.170516631,0.071266598,0.354782573,0.618853969,16967.014,-0.076011083,0.675379388,0.324620612,0,,FALSE,FALSE
북가좌2?1,948150,1953731.5,-0.100381942,0.879623601,0.611196999,-0.278669939,-0.13594208,0.214574251,0.356725502,0.535913463,0.735060198,17522.23985,-0.076011083,0.672460087,0.327539913,0,,FALSE,FALSE
북아현동,1,951879.5455,1951039.909,-0.715672181,0.390584926,-0.439641356,-0.553045651,-0.675572549,-0.688112073,-0.604835495,-0.706930103,-0.444663978,12149.09532,0.007219969,0.567574938,0.432425063,0,TRUE,FALSE
불광1동,0,949462.9032,1957294.161,-0.716202327,1.064002579,0.775784775,0.418778367,0.602510394,0.970819018,1.553971707,1.722114615,2.129493534,23189.819,0.527414045,0.58599769,0.41400231,0,FALSE,FALSE
불광2동,1,949080.8824,1958366.647,0.235113485,0.289704466,0.423095307,-0.15047972,-0.216560015,-0.046409589,0.293545552,0.49125183,0.668378507,16834.66235,0.527414045,0.663772887,0.336227114,0,TRUE,FALSE
사근동,1,959644.4444,1951123.074,-0.707911046,-0.665898179,0.56734146,1.176211662,-0.505219885,-0.760422638,-0.897333534,-1.012804825,-1.040522383,14051.20348,-0.783475026,0.287494044,0.712505956,1,FALSE,FALSE
사당1동,1,953487.5,1942015.667,0.381297801,1.668086116,0.087417319,0.214333425,0.376435582,-0.080666432,0.38655933,0.813774189,0.488239494,18612.85925,0.579433452,0.646960366,0.353039635,0,TRUE,FALSE
사당2동,0,953575,1945164,-1.059969849,-2.23337932,-2.098307089,-1.525205849,-1.83594291,-2.164735558,-2.461218576,-2.520682949,-2.413401966,1381.7143,-0.799080848,0.62736685,0.37263315,0,FALSE,FALSE
사당3동,1,953213.0435,1943027.261,-0.545655728,1.113659942,-0.134205449,-0.136618857,0.133395676,-0.186327512,-0.167667411,0.299084151,0.378648227,16422.221,0.579433452,0.575871295,0.424128705,0,TRUE,FALSE
사당4동,0,953450,1942799,-0.852990257,2.70570722,0.685181891,0.714827874,1.393432366,0.950140418,1.121394387,1.995814261,1.956489935,24951.438,0.579433452,0.559796407,0.440203593,0,FALSE,FALSE
사직동,1,953356.338,1952844.775,-0.602619396,-0.452556307,-0.523635332,0.809429375,1.756029261,1.868208708,0.842066015,0.06791057,0.272784169,21276.16115,0.131199904,0.075519197,0.924480803,1,FALSE,FALSE
삼각산동,1,957678.5714,1957399,0.515439348,1.774129101,1.022935865,-0.52261455,0.117465334,0.68063014,-0.005733471,0.278508,0.236263172,17746.41557,-0.273684832,0.608362351,0.391637649,0,TRUE,FALSE
삼선동,1,957078,1954535,-0.555094121,0.512206697,1.246944755,0.938777027,0.331887791,0.59310734,0.760234049,0.57182265,0.883634527,20909.36452,0.275409146,0.355437768,0.644562232,1,FALSE,FALSE
삼성1동,1,961019.7531,1946074.926,-0.709730354,-0.7681406,-0.022073156,1.951240788,2.922647313,2.027330837,0.572925501,0.094718234,-0.375970263,23966.19459,1.349320684,0.01963113,0.98036887,1,FALSE,FALSE
삼성2동,1,959997.7778,1945804.556,-0.752459466,-0.502889207,0.001755855,0.999861604,2.040215749,1.563210705,0.691512146,0.715871943,0.37458329,22343.5985,1.349320684,0.105366045,0.894633955,1,FALSE,FALSE
삼성동,0,949550,1940432.333,6.069955753,-1.352195303,-1.038715545,-1.026360241,-1.160528098,-1.145276653,-1.033196305,-0.999983369,-0.998870193,8286.706667,0.464990755,0.871339263,0.128660737,0,FALSE,FALSE
삼전동,1,963871.9512,1944939.244,-0.644228875,0.708287599,0.146945068,-0.174132695,0.311320994,-0.082716024,0.02284757,0.220896445,-0.029738201,16466.05895,0.517010163,0.544645649,0.455354351,0,TRUE,FALSE
삼청동,1,954126.3158,1953425.316,0.157269098,-1.218665044,-1.03340484,-0.201615034,0.070768771,-0.120164661,-0.791690189,-1.390287671,-1.171150187,11773.49716,0.234618647,0.233893913,0.766106087,1,FALSE,FALSE
상계10동,1,961192.5532,1962410.702,-0.499356298,1.383898745,2.206085831,0.730247778,0.482837295,0.79341471,1.191828064,0.763978895,0.583067921,22265.23615,0.485798518,0.410438534,0.589561466,1,FALSE,FALSE
상계1동,0,960850,1964310.29,-0.358441396,0.030260285,-0.000124795,-0.416233637,-0.284758127,-0.100503989,0.356866556,0.334851452,0.203361459,15506.1596,0.485798518,0.636751604,0.363248397,0,FALSE,FALSE
상계2동,1,961559.6774,1961892.548,-0.842894476,2.069887835,4.526661875,3.253766793,1.931706471,2.643397049,3.350175063,2.464840448,2.285907149,35478.80261,0.485798518,0.112673819,0.887326181,1,FALSE,FALSE
상계3.4?0,962755,1963154,-0.743308537,-0.149279617,0.130194584,-0.486040707,-0.572267592,-0.187052924,0.140984272,0.424474318,0.634083113,15202.2043,0.485798518,0.682247057,0.317752943,0,,FALSE,FALSE
상계5동,0,962112.5,1962461.5,-0.622444791,0.985796179,1.728188352,0.33113548,0.266875573,1.079868742,1.765166173,1.82418834,2.009211312,23509.0705,0.485798518,0.645712258,0.354287742,0,FALSE,FALSE
상계6.7?1,961263.4146,1961466.073,-0.686807234,2.517895992,3.179702219,1.803179765,1.619230583,2.434036867,2.846780827,2.425146016,2.551672962,31903.35507,0.485798518,0.272295295,0.727704705,1,,FALSE,FALSE
상계8동,0,960850,1963449,-0.104357795,1.147507708,0.219308843,-0.470316545,0.41241489,-0.183118853,-0.297219433,-0.121031243,-0.405183841,15527.128,0.485798518,0.576688145,0.423311855,0,FALSE,FALSE
상계9동,0,960934.375,1963245.875,-0.711246116,2.041423569,1.203959235,-0.089885295,1.019849638,0.66163173,0.495113687,0.703399331,0.663639363,20701.15919,0.485798518,0.523217128,0.476782872,0,FALSE,FALSE
상도1동,1,951714.3836,1944435.301,-0.604562887,0.812836778,1.140204997,1.229935686,0.083476979,-0.060378387,-0.008707422,0.31514874,0.481100316,19370.82674,0.600241215,0.351637562,0.648362438,1,FALSE,FALSE
상도2동,0,950496.4286,1945134.714,-1.120396577,1.454477022,0.192690298,0.677430616,0.46866073,0.301193966,0.719236814,1.006333023,1.340506622,20778.02421,0.600241215,0.466835874,0.533164126,1,FALSE,TRUE
상도3동,1,949866.6667,1944804.556,-0.532735176,0.451688415,-0.075130897,-0.007549389,-0.031104054,-0.032290586,0.089334612,0.373151614,0.457473936,16613.30333,0.600241215,0.536522813,0.463477187,0,TRUE,FALSE
상도4동,0,950000,1944830.25,-0.32361068,-0.028266459,-0.539548517,-0.416854354,-0.514888418,-0.617321341,-0.548357274,-0.33023777,-0.245230993,12814.185,0.600241215,0.576245062,0.423754939,0,FALSE,FALSE
상봉1동,1,963531.8182,1955355.818,-0.790034869,0.025949539,-0.143217964,0.213174409,0.168284144,0.018304317,0.531595529,0.471036978,0.429035038,17380.26082,-1.168418642,0.615176312,0.384823689,0,TRUE,FALSE
상봉2동,1,963379.1667,1955083.167,-0.481510407,-0.027685825,-0.274357582,0.035843744,-0.009717215,-0.116201277,0.317462201,0.252200997,0.198348559,16169.54767,-1.168418642,0.637173119,0.362826881,0,TRUE,FALSE
상암동,1,945924.1197,1953347.063,1.182238539,-0.961061382,-0.838512949,-0.373060391,-0.102322988,-0.333948364,-1.177112393,-1.430011982,-1.400426875,10851.11636,-0.929129367,0.41615374,0.58384626,1,FALSE,FALSE
상일동,0,970454.6875,1950250.042,0.516512994,-1.629938442,-0.759498275,-1.152221205,-1.362508275,-1.397083429,-1.467689023,-1.489910847,-1.56794029,6550.637417,-0.086414965,0.697552342,0.302447658,0,FALSE,FALSE
서강동,1,949588.1579,1950131.895,-0.724577449,0.349679582,0.200523652,0.339956088,-0.148047213,-0.250047697,-0.486879164,-0.528847612,-0.19395313,15300.54976,-0.577131723,0.408370078,0.591629922,1,FALSE,FALSE
서교동,1,948849.5,1950811,-0.839324474,0.891063807,3.928422527,4.99673559,1.949916749,1.07848964,0.294524477,0.07088664,0.404668843,30000.94814,0.090451021,0.015172432,0.984827568,1,FALSE,FALSE
서림동,0,950407.5,1941466.5,2.497602205,0.159973761,0.153484674,1.990067611,0.531517592,-0.093883743,-0.076225899,0.089997815,0.075582348,19497.3796,0.464990755,0.286241722,0.713758278,1,FALSE,TRUE
서빙고동,1,954571,1947001,-0.276230494,-1.167597265,-1.121830226,-0.993731319,-1.039251307,-1.023412897,-1.352658947,-1.363415196,-0.82033447,8245.15072,-1.532554495,0.679186692,0.320813308,0,TRUE,FALSE
서원동,1,949691.1765,1942643.118,-0.439463987,1.30444371,1.061409914,3.696151673,2.032934252,0.964956914,1.335522243,1.491467961,1.504211189,29099.46559,0.464990755,0.087845598,0.912154402,1,FALSE,FALSE
서초1동,1,957292.9825,1943250.754,-0.751391054,-0.362181761,0.44636232,0.922733064,1.377064661,1.437969434,0.938899353,1.048318208,1.029928464,22610.77595,0.933165424,0.199626539,0.800373461,1,FALSE,FALSE
서초2동,1,958273.9437,1943513.085,-0.237709304,0.12504662,0.941049804,2.751582615,3.208880875,2.822413265,1.559018968,1.283353111,0.773703147,29775.74403,0.933165424,0.022682179,0.977317821,1,FALSE,FALSE
서초3동,1,956664.5833,1943237.542,-0.26739802,-0.933643444,-0.177300551,0.173545949,0.628932754,0.760081985,0.312543083,0.044468149,-0.095598481,17243.02197,0.829126608,0.24814749,0.75185251,1,FALSE,FALSE
서초4동,1,957499.1228,1944391.105,-0.544339872,0.303544048,1.638378384,3.580165538,2.729024142,2.667972878,1.539879628,1.310746973,0.977304369,30948.3954,0.933165424,0.015719425,0.984280575,1,FALSE,FALSE
석관동,0,961135.2941,1956831.353,-0.59292221,-0.330103672,-0.493100236,-0.530594408,-0.682490561,-0.575762962,-0.446177904,-0.235059098,-0.160681903,12596.34825,0.246509244,0.62306787,0.37693213,0,FALSE,FALSE
석촌동,1,964581.7073,1944931.927,-0.707477637,0.429649807,0.090867705,0.055202207,0.472267032,0.034835631,0.135719602,0.31428768,-0.056376497,17073.66285,0.621048978,0.476707608,0.523292393,1,FALSE,FALSE
성내1동,1,966752.5424,1947674.424,-0.146297875,-0.244521458,-0.520355135,-0.660043164,-0.512015358,-0.545815858,-0.476286292,-0.394932493,-0.696708304,12117.622,1.848706997,0.498170374,0.501829626,1,FALSE,FALSE
성내2동,1,966852.5,1948551.5,-0.728373392,1.185472664,0.910501847,1.14709326,1.100704206,1.090432854,1.881533759,2.120756562,1.579608167,25222.25975,1.848706997,0.388831452,0.611168548,1,FALSE,FALSE
성내3동,1,967666,1947511,-0.0164337,-0.365629229,-0.042112287,-0.432089845,-0.454938114,-0.42391527,-0.196654861,-0.15164963,-0.479537765,13453.271,1.848706997,0.51261639,0.48738361,0,TRUE,FALSE
성북동,1,956426.4706,1954696.059,-0.464710142,-0.594476115,-0.25992651,-0.378802499,-0.681134075,-0.688183161,-0.762729721,-0.800763852,-0.472607372,11847.65276,-0.159242135,0.547035888,0.452964112,0,TRUE,FALSE
성산1동,0,948053.4884,1951478.07,-0.177802492,-0.38501349,-0.402384702,-0.543173169,-0.423448046,-0.520769322,-0.807273254,-0.766906213,-0.66546694,11922.75493,-1.074783709,0.610925834,0.389074166,0,FALSE,FALSE
성산2동,1,946871.5278,1952267.056,-0.172094581,-1.11529624,-1.037095382,-0.803010877,-0.767972054,-0.874965293,-1.11705472,-1.147785702,-1.051473796,9232.653056,-1.074783709,0.624271037,0.375728963,0,TRUE,FALSE
성수1가1,1,959515.9091,1949464.909,-0.483584372,-1.583284137,-1.607600517,-1.113577805,-1.258335738,-1.468728207,-1.65434648,-1.845694025,-1.797968499,5545.832864,3.31565429,0.308112016,0.691887984,1,FALSE,FALSE
성수1가2,1,960058.8235,1950115.176,-0.520358715,-0.513520046,-0.621765432,0.1384246,0.256362393,-0.047547729,-0.174020005,-0.474631323,-0.693768929,14659.47988,3.31565429,0.157182959,0.842817041,1,FALSE,FALSE
성수2가1,1,960668.1818,1948814.909,0.743421336,-0.13281135,-0.411213639,-0.10447087,0.130340124,0.042768735,0.078916936,-0.286005756,-0.50718289,15036.61541,4.116753167,0.210191226,0.789808774,1,FALSE,FALSE
성수2가3,1,960808.1633,1949604.102,-0.592153712,-0.599248227,-0.921308202,0.325737193,0.406138532,0.245367008,0.145102899,-0.480679591,-0.791508518,15327.61935,4.116753167,0.08187315,0.91812685,1,FALSE,FALSE
성현동,0,951565.9091,1943299,0.532169246,0.735526174,0.353261167,-0.060229697,0.192365826,0.231758643,0.095932759,0.507280121,0.385273324,17515.48345,-0.242473188,0.640590882,0.359409118,0,FALSE,FALSE
세곡동,0,965072.9249,1941184.968,3.310560443,-2.008720575,-2.010989946,-1.533888686,-1.775692491,-2.094183945,-2.378316536,-2.441398583,-2.34921278,1840.555814,-0.793878908,0.811167035,0.188832965,0,FALSE,FALSE
소공동,1,953639.2045,1951623.432,-0.747018115,-0.186378941,-0.733435604,2.051474202,3.951297163,3.942793178,2.821094273,1.782680436,1.883954794,31687.3615,1.11263238,0.015102664,0.984897336,1,FALSE,FALSE
송정동,0,961301.5152,1950189.909,0.444336604,-0.972764682,-1.144109113,-0.517555632,-0.532210557,-0.693769199,-0.793313543,-1.039697517,-1.171468064,10337.99773,-2.729000869,0.686555944,0.313444056,0,FALSE,FALSE
송중동,1,958594.2623,1957487.525,-0.437356903,0.358236293,0.491609957,0.139394477,0.017493762,0.274046833,0.62964642,0.620050391,0.865706579,18425.20174,-0.273684832,0.59826233,0.40173767,0,TRUE,FALSE
송천동,0,958150,1957790.071,0.114841136,0.635319039,0.289939746,-0.428288353,-0.348578389,-0.10842273,0.090953558,0.169961401,0.230309652,15562.69607,-0.273684832,0.69411928,0.30588072,0,FALSE,FALSE
송파1동,1,965379.0909,1945321.727,-0.754758487,0.684211175,0.021951238,0.02841162,0.330551642,0.03001539,0.28656098,0.443259898,0.066403421,17237.7986,0.381759703,0.525700945,0.474299055,0,TRUE,FALSE
송파2동,0,966101.3158,1944710.842,-0.147101786,0.212586387,0.09928621,-0.724215015,-0.762708334,-0.714664659,-0.609585811,-0.752145153,-0.84788786,11704.55671,0.381759703,0.611119462,0.388880538,0,FALSE,FALSE
수궁동,0,940670.6897,1943890.379,-0.201429319,-0.562048172,-0.688176124,-0.685911811,-0.771971622,-0.923238867,-0.950823801,-0.862591857,-0.797252493,10363.281,-1.334880746,0.703678505,0.296321495,0,FALSE,FALSE
수색동,0,946010,1954299,1.439840535,-1.987619099,-1.715174215,-1.229084103,-1.480548905,-1.708006526,-1.932057096,-1.9911994,-1.924043629,4207.86845,0.797914964,0.618200511,0.38179949,0,FALSE,FALSE
수서동,1,964551.2821,1943201.564,-0.48784039,0.57426758,-0.262251487,-0.332096989,0.504823599,0.270662828,0.371144318,0.874393118,0.575529635,17682.16795,-0.138434372,0.670828759,0.329171241,0,TRUE,FALSE
수유1동,0,957450,1959149,-0.288101964,-0.507068189,-0.475372766,-0.776707162,-0.898536615,-0.860840914,-0.743859142,-0.574415647,-0.461226742,10933.072,-0.564993514,0.721846412,0.278153589,0,FALSE,FALSE
수유2동,0,957705,1960659,0.075357303,0.74250154,0.291154789,-0.145854436,-0.142591945,0.187183124,0.732378404,0.933506618,1.46528282,18545.1841,-0.564993514,0.766292246,0.233707755,0,FALSE,FALSE
수유3동,1,958102.6316,1960183.211,-0.506582484,0.194495183,0.545900448,1.065933676,0.466284651,0.625975683,1.18458217,1.301095568,1.549013472,22043.60642,-0.564993514,0.517297122,0.482702878,0,TRUE,FALSE
숭인1동,0,957286.6667,1953069,-0.817631641,-0.329039052,-0.137233087,-0.158094398,-0.096846412,0.206303688,0.650101258,0.816047675,0.943895297,17282.61933,0.194489836,0.626812673,0.373187327,0,FALSE,FALSE
숭인2동,1,957650,1952725.087,-0.594984706,0.294407247,-0.233622576,0.254975168,0.684734405,0.85729506,1.456042063,1.66680279,1.712737109,21491.99457,0.194489836,0.599209155,0.400790845,0,TRUE,FALSE
시흥1동,1,946900.7813,1939316.188,0.982258126,-0.628819054,-0.774746168,-0.780773677,-0.808548893,-0.85895839,-0.773362078,-0.803607053,-0.907820749,10256.54653,-0.429743055,0.706713287,0.293286714,0,TRUE,FALSE
시흥3동,0,947172.2222,1938159,0.91773889,-1.059307371,-1.046834292,-0.923024653,-0.961996775,-0.993713449,-0.927881947,-1.030101599,-1.36360749,8731.461844,-0.429743055,0.691309123,0.308690877,0,FALSE,FALSE
시흥5동,0,947225,1938886.5,2.354431519,0.293443492,-0.112940947,-0.710427149,-0.600027185,-0.415231018,-0.394331796,-0.384526514,-0.763121608,12601.298,-0.429743055,0.763877021,0.236122979,0,FALSE,FALSE
신길1동,0,948662,1946281,-0.466373855,0.313561318,0.293310971,0.580536203,0.485443728,0.370472648,0.553606809,0.623583224,0.92177133,19545.6642,1.286897395,0.370206511,0.629793489,1,FALSE,TRUE
신길3동,1,947590,1945469,0.765053157,0.817654666,0.034276691,-0.567057099,-0.548157202,-0.35247749,-0.069577114,0.001726129,-0.035748563,14354.827,1.286897395,0.649242791,0.350757209,0,TRUE,FALSE
신길4동,0,947940.9091,1945514.909,0.553889738,-0.119124708,-0.357917681,-0.694459377,-0.748900157,-0.630267297,-0.39745819,-0.314909771,-0.322131095,12273.37086,1.286897395,0.636665043,0.363334957,0,FALSE,FALSE
신길5동,0,947603.8462,1944841.308,-0.678589451,-0.973387487,-0.889711531,-0.960002052,-1.049221978,-1.115126253,-1.020392395,-0.96044253,-1.052754005,8813.050462,1.286897395,0.560308571,0.439691429,0,FALSE,FALSE
신길6동,0,948071.2963,1944489.741,-0.401495179,0.53202405,0.004041212,-0.492151083,-0.467717603,-0.32792476,-0.250504796,-0.175478367,-0.347223431,13924.00585,1.286897395,0.524002972,0.475997028,0,FALSE,FALSE
신길7동,0,948680,1945226.5,-0.392587579,0.053355304,-0.063622032,-0.331706376,-0.443468629,-0.331776241,-0.307316521,-0.450741648,-0.30226305,13709.0395,1.286897395,0.439246204,0.560753796,1,FALSE,TRUE
신내1동,1,965102.2727,1957309.795,0.163108722,-1.507240045,-1.523682662,-1.279256791,-1.483307213,-1.653355888,-1.790654658,-1.902926238,-1.732068348,4852.144386,-0.065607202,0.64454699,0.35545301,0,TRUE,FALSE
신내2동,0,964130,1956419,0.756799333,1.495846323,0.864378502,-0.061790446,0.091559599,0.272524525,1.061667735,0.79414195,0.950264149,19521.677,-0.065607202,0.727754453,0.272245547,0,FALSE,FALSE
신당5동,0,957950,1951715.667,-0.336558423,-0.737988926,-1.003851218,-0.798453674,-0.88566919,-1.056159421,-1.049917377,-1.028136774,-0.981780803,9311.809333,0.829126608,0.549676824,0.450323177,0,FALSE,FALSE
신당동,1,957062.3188,1952060.594,-0.87536401,-1.211478065,-0.620282106,0.615612407,1.387432291,1.012576872,0.942599699,0.536937756,0.227732113,19710.32093,0.943569305,0.184553944,0.815446056,1,FALSE,FALSE
신대방1?0,947616.0714,1943499,-0.117449117,-0.322991548,-0.286305342,0.218914969,0.283557879,0.212456191,0.423615474,0.543579502,0.108603292,17180.28621,0.204893718,0.498271959,0.501728041,1,,FALSE,FALSE
신대방2?1,949016,1943895,0.719722268,1.282253406,0.420657709,0.710853854,1.451532539,1.227230423,0.839528671,1.438521127,2.072923124,23919.96876,0.204893718,0.484035462,0.515964538,1,,FALSE,FALSE
신도림동,1,945662.8378,1945692.243,-0.247894165,1.675928098,0.870311904,1.233125936,1.791430791,1.263895593,1.295089963,1.416055447,0.760101645,24940.03336,-0.648224567,0.365552575,0.634447426,1,FALSE,FALSE
신림동,1,949467.2414,1943143.828,-0.33311908,0.97437031,0.690071388,3.501067109,2.252417686,1.154103123,1.318914644,1.828267362,1.757338111,29286.13659,0.464990755,0.106525316,0.893474684,1,FALSE,FALSE
신사1동,0,948092.5,1955464,-0.242007782,0.86765238,0.500984351,-0.057394288,0.267431478,0.270240976,0.363746893,0.335582454,0.627167351,18078.65835,-0.065607202,0.567281481,0.432718519,0,FALSE,FALSE
신사2동,0,948214.2857,1954720.429,-0.994887587,-0.131331808,0.243470449,-0.210167176,-0.136139393,-0.085491471,0.127730022,0.331029821,0.762745596,16321.46986,-0.065607202,0.629252851,0.370747149,0,FALSE,FALSE
신사동,1,955379.6296,1945932.333,-0.13782335,-0.546912959,0.070865967,1.022939821,0.881595182,0.408800665,-0.100373314,0.055814561,0.179482048,18661.05344,-0.029193616,0.2540793,0.7459207,1,FALSE,FALSE
신수동,0,950134.2105,1950024,-0.714486131,0.718424098,0.25972313,-0.165208261,-0.254910509,-0.111411827,-0.329324568,-0.224854291,0.202015809,15429.22518,-0.939533249,0.575959676,0.424040324,0,FALSE,FALSE
신원동,0,949225,1942599,0.258259417,-0.056725174,0.052930593,0.802943145,0.183971418,-0.307108464,-0.226433726,0.023193485,0.013264997,16787.6745,0.464990755,0.416188132,0.583811868,1,FALSE,TRUE
신월1동,0,941026.4151,1948240.509,2.130684555,-0.404638591,-0.571736809,-0.750655552,-0.768006471,-0.750776988,-0.608183358,-0.530218398,-0.704863339,11169.82532,-0.908321604,0.804935817,0.195064183,0,FALSE,FALSE
신월2동,0,942264.2857,1946984.714,0.314527363,0.070947227,-0.487704373,-0.820572261,-0.700901406,-0.760961513,-0.650400395,-0.529872907,-0.834246857,11280.4518,-0.908321604,0.750335134,0.249664866,0,FALSE,FALSE
신월3동,1,940410,1948889,2.880218447,-1.226912936,-0.974512519,-1.111731489,-1.308189595,-1.38744017,-1.409720573,-1.439153586,-1.491806422,6865.8112,-0.908321604,0.823016537,0.176983463,0,TRUE,FALSE
신월4동,0,941588.4615,1947249,1.862732067,-0.209487753,-0.662135678,-0.918050556,-0.843510738,-0.859516112,-0.784112814,-0.618136344,-0.983464683,10348.88792,-0.908321604,0.811956275,0.188043725,0,FALSE,FALSE
신월5동,0,940761.9565,1948993.565,1.694059435,0.12052758,-0.177051388,-0.685847005,-0.682628087,-0.658230956,-0.477985763,-0.506644334,-0.69207074,12084.38539,-0.908321604,0.784295951,0.215704049,0,FALSE,FALSE
신월6동,0,941786.8421,1946622.684,1.894014651,-0.315097584,-0.453535744,-0.904774664,-0.849539503,-0.772501957,-0.680509316,-0.639728901,-0.970449561,10610.43611,-0.908321604,0.803202978,0.196797022,0,FALSE,FALSE
신월7동,0,941233.3333,1946610.111,3.469174096,-0.237379676,-0.546032051,-1.00551939,-0.95704892,-0.79530506,-1.053462753,-0.996004478,-1.156408557,9595.340667,-0.908321604,0.817161419,0.182838581,0,FALSE,FALSE
신정1동,0,943255.2632,1946691.105,-0.189436091,-0.346172166,0.049248243,-0.815543026,-0.858373571,-0.488887209,-0.555246488,-0.654747459,-0.641199032,11656.25289,-0.518176048,0.65869518,0.341304821,0,FALSE,FALSE
신정2동,0,944966.6667,1946861.5,0.19779076,-1.009351735,0.022623372,-0.762567092,-0.954486754,-0.612310262,-0.71219793,-0.829696131,-0.947073544,10696.3385,-0.518176048,0.651212281,0.348787719,0,FALSE,FALSE
신정3동,0,941136.2069,1946175.437,4.268110797,-1.00398054,-1.000659135,-1.221303381,-1.314066509,-1.277003093,-1.534158564,-1.619263578,-1.733365173,6479.126126,-0.518176048,0.818487794,0.181512206,0,FALSE,FALSE
신정4동,1,942921.4286,1947170.429,-0.725007773,-0.135168643,-0.246584994,-0.601565419,-0.594905528,-0.462213547,-0.345281479,-0.162956365,-0.313429039,12975.01514,-0.518176048,0.675117427,0.324882573,0,TRUE,FALSE
신정6동,1,944641.6667,1946224,0.407219894,-1.114983865,-0.597159272,-1.128216342,-1.303878752,-1.027321016,-1.259263236,-1.475507201,-1.467651069,7603.658333,-0.518176048,0.653035066,0.346964934,0,TRUE,FALSE
신정7동,0,943429.6875,1945913.063,0.612341701,-0.311386806,0.03003039,-0.781181146,-0.814984896,-0.51236566,-0.580455734,-0.697180215,-0.755139327,11601.33231,-0.518176048,0.682664883,0.317335117,0,FALSE,FALSE
신촌동,1,950476.2295,1951264.984,-0.529069413,-0.453380486,1.066937497,3.225716094,0.435684339,0.041877245,-0.055583482,-0.415111107,-0.154803259,21094.64804,-0.575397396,0.071033829,0.928966171,1,FALSE,FALSE
쌍문1동,0,957682.1429,1961281.143,0.261719878,-0.327508292,-0.237311211,-0.669902906,-1.009641729,-0.90602586,-0.966037645,-0.795427368,-0.615562142,10697.03736,-0.866706078,0.723174769,0.276825231,0,FALSE,FALSE
쌍문2동,0,959280,1961919,0.51108964,0.826364194,0.622634649,-0.322194273,-0.248589221,-0.120680269,0.362661642,0.554710111,0.586593985,16893.18953,-0.866706078,0.806799709,0.193200291,0,FALSE,FALSE
쌍문3동,0,958476.087,1960981.609,0.193381533,0.410956438,0.266784659,-0.244928914,-0.218983101,-0.087500533,0.12717113,0.309403563,0.429784596,16164.40491,-0.866706078,0.726980502,0.273019498,0,FALSE,FALSE
쌍문4동,0,958550,1961391.857,0.072447024,0.707943591,0.987553116,-0.534835075,-0.562974928,-0.411579838,-0.322567525,-0.099653616,0.077212905,14717.11679,-0.866706078,0.776492471,0.22350753,0,FALSE,FALSE
아현동,1,951790,1950395.667,-0.77037739,0.987174877,-0.28359489,-0.230705003,0.186757065,0.145056867,0.002959821,-0.261572425,-0.115446624,15870.13618,-0.780007413,0.472225389,0.527774612,1,FALSE,FALSE
안암동,1,958390.2778,1954100.389,-0.609720029,-0.909126166,0.553160247,0.792603193,-0.649866242,-0.883414885,-0.906985995,-0.840242171,-0.615397203,13526.65539,0.159116639,0.364430865,0.635569135,1,FALSE,FALSE
암사1동,0,967189.2857,1950263.286,-0.848013008,1.636034645,0.486663856,-0.10991982,0.507201971,0.50603666,0.73924747,0.898716255,0.542099075,19494.58164,0.756299438,0.538672252,0.461327748,0,FALSE,FALSE
암사2동,0,967036.1111,1950507.333,-0.089322999,1.814220177,0.081667657,-0.354426939,0.25369533,0.371786783,0.488093757,0.336836669,0.172419937,17641.52606,0.756299438,0.513904255,0.486095745,0,FALSE,FALSE
암사3동,1,967812.7273,1950842.636,0.915339433,0.897265207,0.056026847,-0.734945525,-0.514519241,-0.32326781,-0.472334553,-0.440490512,-0.7239585,13070.70391,0.756299438,0.610845348,0.389154653,0,TRUE,FALSE
압구정동,1,958809.7826,1947524.725,-0.331525929,-0.218918029,-0.094093689,0.697978614,0.980658853,0.487397583,-0.12314211,0.029224537,0.333360889,18507.22041,-0.193921394,0.28417592,0.71582408,1,FALSE,FALSE
약수동,1,956677.5,1950321.5,-1.166868133,0.656698897,-0.161377952,-0.212293254,0.219734392,0.167242534,0.282412268,0.662733099,1.304614552,17850.9632,0.829126608,0.562467012,0.437532988,0,TRUE,FALSE
양재1동,1,958196.9697,1941075.894,2.268938543,-1.36520584,-1.517260913,-0.900972091,-0.796949455,-1.139419706,-1.5292606,-1.516134255,-1.57099778,7385.866924,0.766703319,0.583126468,0.416873532,0,TRUE,FALSE
양재2동,1,959440.2174,1940937.043,0.50397849,-1.297210985,-1.397864017,-0.760715937,-0.486146161,-0.688663964,-0.987924972,-1.267375801,-1.537429268,9135.700054,0.766703319,0.418827246,0.581172754,1,FALSE,FALSE
양평1동,0,946005.7692,1947385.538,-0.218748049,0.524108298,-0.620155859,-0.224252361,0.306096565,0.106397501,-0.115497587,-0.130401211,-0.110304598,15555.00402,-0.419339173,0.49001437,0.50998563,1,FALSE,TRUE
양평2동,1,946490.5405,1948961.162,-0.377077421,-0.726991024,-0.908280214,-0.347870196,-0.144374147,-0.393453212,-0.731417616,-1.028955114,-1.142167914,11680.29315,-0.527539541,0.403944295,0.596055705,1,FALSE,FALSE
여의동,1,949131.7241,1947436.011,-0.368757249,-0.836869472,-0.86543672,0.44747755,1.651282953,1.210004819,0.010914938,-0.420864465,-0.101242642,18302.23991,-1.844670941,0.182244452,0.817755548,1,FALSE,FALSE
역삼1동,1,958840.9357,1944666.251,-0.564127744,-0.488967335,1.034549982,4.622056104,4.551296406,3.247729716,1.896159432,1.566404754,0.931790877,34855.10034,0.038431613,0.005723247,0.994276753,1,FALSE,FALSE
역삼2동,1,959679.7468,1944359.127,-0.04125761,-0.004202869,0.566630525,0.763365502,1.718029832,1.961260885,0.81313757,0.718945363,0.477171922,22775.36092,0.038431613,0.157971817,0.842028183,1,FALSE,FALSE
역촌동,0,948450.9804,1956204.882,-0.168578671,0.683399481,0.188425207,-0.418944272,-0.203137717,-0.072066595,-0.137268015,-0.084023836,0.003708053,15203.61382,0.069643258,0.588902411,0.411097589,0,FALSE,FALSE
연남동,0,948911.1111,1951669.37,0.184412836,-0.63810335,-0.559282787,0.01149153,-0.165328334,-0.610985279,-0.876454815,-0.787352682,-0.52784517,12759.95122,-0.929129367,0.527301043,0.472698957,0,FALSE,FALSE
연희동,1,949691.3793,1952280.034,1.584125538,-0.865540917,-0.693033812,-0.01202124,-0.510287842,-0.695475262,-0.779335814,-0.751989009,-0.508223895,12158.46845,-0.200857661,0.573296796,0.426703205,0,TRUE,FALSE
염리동,1,951096.875,1950030.25,-0.627376581,0.450852406,0.507606752,-0.02820542,-0.048576331,0.069515024,-0.109130304,-0.266143275,0.068273006,16132.09113,-0.492166344,0.480395419,0.519604581,1,FALSE,FALSE
염창동,1,944616.0714,1950125.786,-0.816099526,-0.133112178,-0.275405148,-0.019561766,0.36176679,0.105120695,0.314811566,0.102926506,-0.144776633,16326.86614,-0.39853141,0.483713437,0.516286563,1,FALSE,FALSE
영등포동,1,947538.7931,1947021.414,-0.541898009,0.794389127,0.329508671,2.204870245,1.673457271,1.210011524,1.545488136,1.470566066,1.477896951,26172.41428,0.061551119,0.186549641,0.813450359,1,FALSE,FALSE
영등포본,0,947734.2593,1946076.778,-0.02083676,0.801167949,0.043977887,-0.166412658,-0.192999309,-0.16168464,-0.014616691,0.070612284,0.151651586,15773.43669,0.308932533,0.581209883,0.418790117,0,FALSE,FALSE
오금동,1,967497.9839,1944982.468,-0.285338055,-0.471287083,-0.474681744,-0.825103103,-0.948018545,-0.885789268,-0.809354736,-0.756038761,-0.900973279,10280.63585,0.4962024,0.622500682,0.377499318,0,TRUE,FALSE
오류1동,1,941851.9231,1944216.308,-0.510637476,0.80108554,0.024825606,-0.12785963,-0.024448551,0.014436396,0.353620738,0.757602537,0.959982205,17586.15608,-1.334880746,0.762218183,0.237781817,0,TRUE,FALSE
오류2동,0,941404.8544,1943148.029,0.013541144,-1.001155248,-1.381667492,-1.229101162,-1.385219184,-1.588671647,-1.817181804,-1.832892124,-1.712746031,5471.894359,-1.341817014,0.714839021,0.285160979,0,FALSE,FALSE
오륜동,0,966876.6839,1946447.446,-0.138269312,-0.86998947,-0.712266632,-0.949790594,-1.085135698,-1.104962324,-1.225085786,-1.172905382,-1.273782945,8475.301554,1.557398314,0.521920852,0.478079148,0,FALSE,FALSE
옥수동,0,957041.6667,1949374,-0.35945786,2.405935154,0.217237282,0.650470433,1.469104025,1.167669988,1.080004251,1.5375778,2.21416733,24546.27333,-0.460954699,0.519739148,0.480260853,0,FALSE,FALSE
왕십리2?0,957950,1951074,-0.09627875,0.237414644,-0.130282406,-0.632110235,-0.35767294,-0.30591172,-0.2651764,-0.2897421,-0.324805466,13575.4595,-0.637820685,0.667770505,0.332229495,0,,FALSE,FALSE
왕십리도,1,958276.3158,1952047.246,-0.364168748,0.103485292,-0.658362572,-0.288609961,-0.315211291,-0.465174056,-0.366801192,-0.435608215,-0.436776155,13288.79177,-0.481762462,0.561333734,0.438666266,0,TRUE,FALSE
용강동,1,950874.5763,1949225.271,-0.533415487,0.95815437,-0.05361357,0.167355776,1.136252775,1.320306096,0.946145336,0.63086416,0.742271015,20883.75359,-0.866706078,0.359785388,0.640214612,1,FALSE,FALSE
용답동,0,961327.2727,1951476.273,-0.407276704,-1.094919785,-0.948732043,-0.416998509,-0.238759843,-0.06288038,0.230460562,-0.061912394,-0.227430918,13744.16464,-2.692587284,0.70815686,0.29184314,0,FALSE,FALSE
용문동,0,952325,1948874,-0.878966055,0.356573879,-0.319770346,-0.619455643,-0.542549542,-0.444838634,-0.481077644,-0.240991998,0.224487988,13449.30075,-0.315300358,0.653224967,0.346775034,0,FALSE,FALSE
용산2가?1,954297.619,1948699,0.031188971,-2.282389254,-2.062639801,-1.51214046,-1.814548866,-2.147805778,-2.444490513,-2.496994202,-2.402342713,1482.156286,-1.189226405,0.703250417,0.296749583,0,,FALSE,FALSE
용신동,1,958597.7778,1952921.222,-0.642103417,-0.428336263,-0.609918875,-0.315003493,-0.267183682,-0.221872253,0.102842181,0.230439435,0.552064348,14932.91734,-0.512974107,0.661536965,0.338463035,0,TRUE,FALSE
우이동,0,956800,1962341.857,-0.465712958,-1.701043858,-1.436045023,-1.206220349,-1.584707671,-1.719172405,-1.789668278,-1.753481782,-1.58437007,4962.525714,-0.799080848,0.69815448,0.30184552,0,FALSE,FALSE
우장산동,0,941564.6341,1950172.171,-0.540544074,0.796350256,0.978502252,-0.051865021,0.1921344,0.392668462,0.331819687,0.495017006,0.291767372,18229.62993,-0.653426507,0.604687057,0.395312943,0,FALSE,FALSE
원효로1?1,952817.5,1948761.5,-0.332558024,0.870180979,-0.420127201,-0.233807118,0.279126305,0.086361488,-0.242345519,-0.319666446,-0.323912622,15380.73745,-1.022764301,0.499105484,0.500894516,1,,FALSE,FALSE
원효로2?0,951897.3684,1948327.947,0.764745151,-0.307425413,-0.351445816,-0.20514753,0.006382612,-0.025872737,-0.425566729,-0.592092986,-0.334941046,14146.54416,-1.386900154,0.552300054,0.447699946,0,,FALSE,FALSE
월계1동,1,961454.5455,1957453.545,-0.977434951,1.016538888,1.194876826,0.751854865,0.366197444,0.597367117,1.030659386,1.474182775,1.464350145,22184.26855,-0.252877069,0.596796099,0.403203901,0,TRUE,FALSE
월계2동,1,960338.2353,1958757.824,1.261665788,-0.339743724,-0.086333266,-0.921387111,-1.009280483,-0.946879673,-0.969162722,-0.743754008,-0.786432759,10294.826,-0.252877069,0.780406978,0.219593022,0,TRUE,FALSE
월계3동,1,961603.8462,1958256.692,-0.623245415,0.943831177,0.057443026,-0.2649718,-0.093114491,0.103304666,0.297330664,0.334915287,0.207803551,16558.94477,-0.252877069,0.602939333,0.397060667,0,TRUE,FALSE
월곡1동,1,958842.5,1956432.75,0.241558689,-0.004330369,-0.328205381,-0.668869486,-0.579570011,-0.428926006,-0.431026781,-0.323449446,-0.403082939,12682.64073,0.308932533,0.635178498,0.364821502,0,TRUE,FALSE
월곡2동,1,959890.2778,1956289.278,-0.911389043,1.090407111,0.748379193,0.232172408,-0.096685997,0.190681099,0.244278304,0.374227257,0.479256665,18069.03678,0.308932533,0.481188199,0.518811801,1,FALSE,FALSE
위례동,1,968024.0385,1942010.538,1.799929378,-1.791727664,-1.900123385,-1.486568001,-1.689085856,-1.961556869,-2.273552086,-2.426561852,-2.364717224,2393.669923,1.214070224,0.605531963,0.394468037,0,TRUE,FALSE
은천동,0,950602.0833,1942936.5,-0.422716316,0.793303011,0.18949494,0.445010634,0.49460713,0.240282321,0.498853679,0.847468797,0.82411496,19429.94783,-0.242473188,0.572093115,0.427906885,0,FALSE,FALSE
을지로동,1,955510.7595,1952014.823,-0.938434498,-1.287749675,-1.32592853,0.016331098,0.520873679,1.149480538,1.484135483,0.899832158,1.059878729,18765.61559,0.44002144,0.324923964,0.675076036,1,FALSE,FALSE
응봉동,0,958775,1950349,-0.517064903,0.584604617,0.443035751,-0.376779166,0.06152656,0.413265085,-0.015023292,0.095380005,0.283285997,16605.7747,-0.783475026,0.567258463,0.432741537,0,FALSE,FALSE
응암1동,1,948974.1379,1955807.621,-0.226454944,0.22621304,0.247157415,-0.385018152,-0.093680146,0.040411418,-0.032086412,0.020511564,0.196513223,15626.13903,0.610645097,0.544702543,0.455297457,0,TRUE,FALSE
응암2동,0,949100,1954857.333,1.17973057,-1.830264852,-1.892825733,-1.50339077,-1.726382658,-2.0044053,-2.299379837,-2.330158676,-2.205989375,2440.1385,0.610645097,0.651872784,0.348127216,0,FALSE,FALSE
응암3동,0,948381.25,1954542.75,-0.324838089,0.013399443,0.09254929,-0.472619912,-0.349387572,-0.167263969,0.162516278,0.304509058,0.621353335,15478.12088,0.610645097,0.664806559,0.335193441,0,FALSE,FALSE
이문1동,1,961176.3158,1955343.737,-0.383202045,-0.630196263,0.718180455,1.174020921,-0.325397903,-0.45413173,-0.442847796,-0.402535299,-0.162972461,16138.06995,-2.916270737,0.53410575,0.465894251,0,TRUE,FALSE
이문2동,0,961838.8889,1956165.667,-0.310541435,-0.547183164,-0.415503081,-0.703760982,-0.808759217,-0.709590117,-0.771678816,-0.649452119,-0.471454091,11227.47211,-2.916270737,0.799851826,0.200148174,0,FALSE,FALSE
이촌1동,1,952892.5532,1946796.872,0.323945533,-0.288447162,-0.552789288,-0.685838882,-0.460614903,-0.238783195,-0.549639534,-0.403231733,0.385768015,13151.96066,-0.512974107,0.65563563,0.34436437,0,TRUE,FALSE
이촌2동,0,951868.1818,1947562.636,0.96508146,-1.488881615,-1.553870789,-1.133669127,-1.21528807,-1.420769292,-1.666812543,-1.699715472,-1.57805748,5954.404273,-0.512974107,0.675708216,0.324291784,0,FALSE,FALSE
이태원1?1,955116,1948343,-0.633809419,-1.33803928,-0.928378699,1.22595595,0.140393721,-0.694509901,-0.842947596,-0.939722785,-0.635957022,14067.65652,0.485798518,0.176372415,0.823627585,1,,FALSE,FALSE
이태원2?0,954812.5,1948792.75,-0.725012144,-1.465062833,-1.369045307,-0.6986577,-0.960721237,-1.315528337,-1.541788395,-1.498107412,-1.277362099,7591.45625,0.485798518,0.472995342,0.527004658,1,,FALSE,FALSE
이화동,1,956013.6364,1953378.545,-0.356792569,0.10135264,1.056252655,2.333883871,1.428270911,1.108723218,1.033188251,0.798047836,1.282039344,25091.99027,0.121662666,0.132116146,0.867883854,1,FALSE,FALSE
인수동,0,957606.6667,1959559,-0.67438392,-0.427249176,-0.218733785,-0.09340409,-0.320306407,-0.159379014,0.340692044,0.492083336,0.793670761,16067.59433,-0.564993514,0.683529488,0.316470512,0,FALSE,FALSE
인헌동,1,952600,1942015.667,-1.160044799,0.405791908,0.591938658,1.943327397,1.273558053,0.534055947,0.481610498,0.982106289,1.066950044,23156.13667,-0.242473188,0.250889469,0.749110531,1,FALSE,FALSE
일원1동,0,963485.7143,1943909.204,0.408553488,-1.042824288,-0.820311994,-0.825829463,-0.817757757,-0.838334591,-0.751043146,-0.769297837,-0.972488165,9974.450694,-0.138434372,0.668108874,0.331891126,0,FALSE,FALSE
일원2동,0,962947.3214,1944118.643,-0.095125566,-1.469265746,-1.213738365,-1.116167743,-1.078497369,-1.204288189,-1.342871328,-1.378553864,-1.503076873,7128.782982,0.478862251,0.58470902,0.41529098,0,FALSE,FALSE
일원본동,1,963453.0612,1942943.898,-0.280398328,-1.027234353,-0.508057105,-0.638645755,-0.691682264,-0.483006092,-0.484380682,-0.449566021,-0.56304258,11700.27084,-0.138434372,0.610105084,0.389894916,0,TRUE,FALSE
자양1동,1,962760.7143,1948709.714,0.198823045,0.137118831,1.042946389,0.886595859,0.209676149,0.1258976,0.461996738,0.345335913,0.370053298,19145.40939,0.589837334,0.415148288,0.584851712,1,FALSE,FALSE
자양2동,0,963140.7407,1948300.852,-0.054369858,1.302289489,0.869374144,0.491950178,0.590508821,0.734587583,1.181000505,1.123498537,1.272446237,21848.18385,0.589837334,0.513620916,0.486379084,0,FALSE,FALSE
자양3동,1,962085.5263,1948527.947,-0.433984556,0.618643457,0.77367309,0.917902377,0.687050134,0.531540896,0.750678048,0.576953753,0.797060569,20911.94563,0.589837334,0.334477676,0.665522324,1,FALSE,FALSE
자양4동,0,961450,1948845.429,-0.061685778,0.060251049,0.452650562,1.569012789,1.039200955,0.738297203,0.815352673,0.527401274,0.307186815,21645.60757,0.589837334,0.184944483,0.815055517,1,FALSE,TRUE
잠실2동,0,962883.5821,1946094.896,-0.541895834,1.851192677,2.054673845,0.380252901,0.723358736,1.332434815,0.489099916,0.744794447,0.275559124,21868.59867,0.714683912,0.308620207,0.691379793,1,FALSE,TRUE
잠실3동,1,964089.8693,1945715.667,-0.228367496,5.083753284,3.914645701,1.489826991,2.023999852,2.304637487,1.994777246,2.210331452,1.556734447,31878.82097,0.714683912,0.311778946,0.688221054,1,FALSE,FALSE
잠실4동,0,965415.5556,1946900.111,-0.376451096,1.678033978,0.438939355,0.286893436,0.795355085,0.734460397,0.805630969,0.927011122,0.614038276,20744.60932,0.662664504,0.444786721,0.555213279,1,FALSE,TRUE
잠실6동,1,964777.8571,1946271.143,-0.52109696,0.731712257,1.368755922,2.595042491,2.880422818,2.292775574,2.073859135,1.798521321,1.566848912,30593.27136,0.662664504,0.076263534,0.923736466,1,FALSE,FALSE
잠실7동,0,962444.1176,1945509.294,-0.379111632,-0.01640878,0.566620934,-0.238945404,-0.24122721,-0.273678427,-0.413868885,0.082591316,0.278507203,15261.98282,0.714683912,0.600790167,0.399209833,0,FALSE,FALSE
잠실본동,1,963068.8889,1945326.778,-0.360371636,-0.040043142,-0.125977178,-0.270526771,-0.046526032,-0.326883392,-0.265553115,-0.043875014,-0.066955287,14696.21838,0.714683912,0.553200985,0.446799015,0,TRUE,FALSE
잠원동,1,956971.6418,1946278.851,-0.411413366,0.635182687,0.666028424,-0.037561097,0.470507884,1.016994921,0.418149241,0.549209939,0.496958241,19163.42457,0.048835495,0.413242006,0.586757994,1,FALSE,FALSE
장안1동,1,961562.069,1951603.31,-0.365476999,-0.922073591,-0.917710883,-0.283683569,-0.036963437,0.041498188,0.370799285,0.141805239,-0.041239175,14776.00052,2.379304954,0.355436047,0.644563953,1,FALSE,FALSE
장안2동,0,962248.1132,1953086.736,2.426352842,0.640130389,-0.146465177,-0.645686249,-0.397171633,-0.274858023,-0.292310503,-0.117931298,-0.245458215,13873.14877,2.379304954,0.612996837,0.387003164,0,FALSE,FALSE
장위1동,0,959150,1957149,0.429450474,0.753660554,0.60564699,-0.697770474,-0.446860489,-0.260317689,-0.318842406,-0.245572689,-0.235026304,14195.941,0.735491675,0.645934376,0.354065624,0,FALSE,FALSE
장위2동,0,960709.0909,1956910.364,-0.795927513,-0.647198866,-0.629787741,-0.606544818,-0.766325225,-0.649514749,-0.552554765,-0.349250766,-0.153756114,11919.88141,0.735491675,0.581446909,0.418553091,0,FALSE,FALSE
장위3동,0,960693.3333,1957579,0.863618518,-0.746105628,-0.621804606,-0.780222371,-0.938881431,-0.876587528,-0.779658524,-0.644064054,-0.654502541,10433.642,0.735491675,0.672419532,0.327580468,0,FALSE,FALSE
장지동,0,967173.1481,1942439.741,-0.166521871,0.411604465,0.271103283,-0.31034207,-0.034904466,-0.073161009,0.096328846,-0.145600932,-0.413045461,15316.32513,0.111258784,0.546134821,0.453865179,0,FALSE,FALSE
장충동,1,956228.2609,1951168.565,-0.77803873,-1.448721876,-0.59835742,0.173414112,-0.43205093,-0.665074913,-0.910101093,-0.982878041,-0.915667606,11765.02196,0.849934371,0.289157111,0.710842889,1,FALSE,FALSE
전농1동,1,960406.8627,1953214.686,0.087665874,-0.804361785,-0.780083094,-0.598767596,-0.775900166,-0.792989293,-0.678254502,-0.561473327,-0.06450545,11427.28161,1.66143713,0.546767864,0.453232136,0,TRUE,FALSE
전농2동,0,961031.7073,1953495.341,1.338082271,-0.083449563,0.248989366,-0.194083229,-0.705758322,-0.627481353,-0.570319863,-0.485147661,-0.389547461,13153.9431,1.66143713,0.547976794,0.452023206,0,FALSE,FALSE
정릉1동,0,957112.5,1955924,-0.945386117,1.273015953,0.861458799,-0.246409955,-0.00706369,0.447231992,0.570371509,0.853022807,1.091660606,18958.34438,-0.554589633,0.687610669,0.312389331,0,FALSE,FALSE
정릉3동,0,955554.3478,1956846.826,1.849497026,-1.520442009,-0.360403526,-0.17439808,-1.46903902,-1.656522505,-1.846865913,-1.916730857,-1.784105156,7124.69287,-0.554589633,0.60810163,0.39189837,0,FALSE,FALSE
제기동,0,959082.8571,1953860.429,-0.558865593,-0.887279657,-0.511019703,-0.167696259,-0.747512055,-0.753310523,-0.417198545,0.0145349,0.85573219,13579.79103,-2.437692187,0.820201225,0.179798775,0,FALSE,FALSE
조원동,1,947507,1942731,-0.034732011,-0.606626169,-0.560113841,0.26554079,0.37181141,0.040706677,0.292590609,0.342695981,-0.149308993,16434.43022,0.464990755,0.453117919,0.546882081,1,FALSE,FALSE
종로1.2.,1,954771.7877,1952536.43,-0.774991665,-0.364109265,-0.523785544,2.39856548,3.127708982,3.124827795,2.411465574,1.671472991,2.460198239,30509.50878,0.168301186,0.033143469,0.966856531,1,FALSE,FALSE
종로5.6?0,956281.5068,1952562.699,-0.773458991,-1.474711691,-0.699532705,0.722372096,1.018206572,1.444315428,2.388197419,1.914903273,1.905808466,23078.11844,0.47955619,0.383878365,0.616121635,1,,FALSE,FALSE
종암동,1,958992.8571,1955385.905,0.210839133,0.777335165,0.670733482,0.021678186,-0.084010869,0.148214806,0.320142379,0.458492661,0.799650632,17910.64752,0.340144177,0.611172571,0.388827429,0,TRUE,FALSE
중계1동,1,962265,1961252,0.915302409,0.490174637,2.711022208,-0.292935094,-0.565415815,0.964300916,0.632088143,0.107494102,-0.071699804,18211.41964,-0.60660904,0.587951829,0.412048171,0,TRUE,FALSE
중계2.3?0,961652.2727,1960663.773,-0.758262099,3.020575593,3.163426742,0.729659838,0.990025672,2.210418709,2.440253282,2.513810287,2.783280225,29524.59352,-0.60660904,0.610416131,0.389583869,0,,FALSE,FALSE
중계4동,0,962605.9524,1962108.524,-0.085529121,0.437870495,1.341854023,-0.274624233,-0.291110829,0.57097789,0.678444427,0.588372542,0.695178625,18227.21631,-0.60660904,0.673711051,0.326288949,0,FALSE,FALSE
중계본동,0,962800,1961158.375,2.171505726,0.750466476,4.360816972,-0.31261434,-0.672313384,1.088847719,0.459747216,-0.419279989,-0.425658429,18597.67063,-0.60660904,0.591674478,0.408325522,0,FALSE,FALSE
중곡1동,0,962664.9123,1951433.211,0.08620566,-0.441688276,-0.902543272,-0.621391377,-0.5550305,-0.783800913,-0.640641179,-0.636273231,-0.854681765,11128.39567,0.100854902,0.612958789,0.387041211,0,FALSE,FALSE
중곡2동,0,963202.9412,1950882.824,-0.50072166,0.415818124,-0.025055976,0.357691541,0.652610791,0.313304558,0.629319365,0.687976784,0.268903989,18817.02135,0.100854902,0.483523284,0.516476716,1,FALSE,TRUE
중곡3동,0,963037.0968,1952089.323,-0.247235063,-0.057763892,-0.447181904,-0.744852435,-0.688592413,-0.778047583,-0.59241534,-0.583348388,-0.660660859,11495.83577,0.100854902,0.654918044,0.345081957,0,FALSE,FALSE
중곡4동,0,963565.8537,1951341.683,-0.158464472,1.03212817,0.669470174,-0.211257861,-0.053933605,-0.010856425,0.323502066,0.409731595,0.082771262,16997.59846,0.100854902,0.654638275,0.345361725,0,FALSE,FALSE
중림동,0,952970.6897,1951104.172,-0.457675738,-0.690500581,-0.449820613,0.170058116,0.629463415,0.745134557,0.408683489,0.072546681,0.109253202,17408.16221,1.281695454,0.220799865,0.779200135,1,FALSE,TRUE
중앙동,1,951443.3333,1942745.667,-0.508888684,0.142987701,0.47163825,1.900122802,0.965008904,0.474294591,0.837801806,1.26160939,1.306216939,23134.68953,-0.242473188,0.348715636,0.651284364,1,FALSE,FALSE
중화1동,0,962911.1111,1955712.889,-0.637589683,0.821369691,-0.194583834,-0.370463798,-0.391801997,-0.357415013,0.279753915,0.247705564,0.080561871,15214.38089,-0.315300358,0.694769175,0.305230825,0,FALSE,FALSE
중화2동,0,962597.0588,1955400.471,-0.601916926,-0.14298491,-0.568073254,-0.514444905,-0.642337118,-0.633514181,-0.221148524,-0.208183396,-0.253165958,12777.06591,-0.315300358,0.670772039,0.329227961,0,FALSE,FALSE
증산동,0,947803.3333,1953955.667,-0.735063529,-0.565592768,-0.575313008,-0.816628791,-0.84924845,-0.870521656,-0.810333678,-0.678005557,-0.461933808,10704.87413,-0.367319766,0.677176965,0.322823035,0,FALSE,FALSE
진관동,1,949363.4146,1960274.61,1.883245383,-0.941452003,-0.861605334,-1.106754936,-1.169789158,-1.139941197,-1.440460878,-1.442538381,-1.134412361,7724.398679,-0.419339173,0.73382347,0.26617653,0,TRUE,FALSE
창1동,1,959878.5714,1961115.071,-0.564523228,0.396856813,0.42475103,-0.299560896,-0.212955049,0.057747629,0.29389808,0.369611614,0.312082874,16416.15236,-0.918725486,0.691779884,0.308220116,0,TRUE,FALSE
창2동,0,958883.3333,1960426.778,0.458418413,0.305582338,0.157434553,-0.086751195,0.008082263,0.173498056,0.58514182,0.79996268,0.85001736,17828.99167,-0.918725486,0.752841425,0.247158575,0,FALSE,FALSE
창3동,0,959220,1959949,1.708029888,-0.288877991,-0.518870239,-0.83367037,-0.938243006,-0.864617932,-0.863207982,-0.651642885,-0.606816187,10609.6478,-0.918725486,0.806148762,0.193851238,0,FALSE,FALSE
창4동,0,960586.9565,1961140.304,-0.426477408,-0.345233997,-0.018489071,-0.461040082,-0.432807666,-0.148325077,0.129520555,0.023446757,0.567741169,14907.853,-0.918725486,0.697727227,0.302272773,0,FALSE,FALSE
창5동,1,959469.4444,1961736.5,0.268996,0.341658088,0.272113138,-0.41662332,-0.370765105,-0.28564663,0.041023028,0.154417427,0.273617024,15219.77186,-0.918725486,0.766672185,0.233327815,0,TRUE,FALSE
창신1동,0,957097.1429,1952583.286,-0.987086836,-0.672138623,-0.197388981,0.506324748,1.055742816,1.309961536,1.690733574,1.684253443,1.481459692,22336.76931,0.121662666,0.428109068,0.571890932,1,FALSE,TRUE
창신2동,0,956700,1952624,-1.104006159,-1.067123438,-0.223396528,0.75941269,1.186074418,1.955361779,3.35331657,3.024032531,2.96314517,26688.514,0.121662666,0.54649279,0.45350721,0,FALSE,FALSE
창신3동,0,957050,1953674,-0.68914132,-0.402458595,-0.218471171,-0.648281967,-0.668584242,-0.579642384,-0.678452874,-1.120023064,-0.730872763,11335.6755,0.121662666,0.473796757,0.526203243,1,FALSE,TRUE
천연동,0,952158.3333,1952749,-0.614230816,0.498515416,0.18086988,-0.498975849,-0.48717476,-0.156931675,-0.097029801,0.148146055,0.840607289,15412.51683,-0.596205159,0.711709626,0.288290374,0,FALSE,FALSE
천호1동,0,968221.4286,1949749,-0.624124649,1.745700732,1.707658259,0.36711175,0.665275273,0.941510884,1.7174155,1.865218785,1.462623346,23814.52514,2.55617094,0.511718849,0.488281151,0,FALSE,FALSE
천호2동,1,966741.9355,1949337.71,-0.333360707,1.120483002,0.654181195,0.673630506,0.76581937,0.876601894,1.573269702,1.683380775,1.308592072,22971.6014,2.55617094,0.390930013,0.609069987,1,FALSE,FALSE
천호3동,1,967289.1304,1948685.957,-0.853737722,2.869151851,1.945160067,2.380599036,2.301841072,2.145103959,3.198766248,3.51993687,2.569540931,33699.77639,2.55617094,0.236086543,0.763913457,1,FALSE,FALSE
청구동,0,956936.3636,1951053.545,-0.889324615,0.04416465,-0.112221245,-0.112072716,-0.014653741,0.03291057,0.011013686,0.074245937,0.730284247,16265.025,0.829126608,0.45564263,0.54435737,1,FALSE,TRUE
청담동,1,960053.5256,1947135.218,-0.340355098,-0.355461145,-0.510088791,0.282517216,0.619131764,0.148002234,-0.249837769,-0.113325966,-0.301029315,16130.10688,0.693876149,0.304981503,0.695018497,1,FALSE,FALSE
청량리동,0,959762.1212,1954268.697,-0.016629483,-1.009862447,-0.697770052,-0.381770857,-0.633001328,-0.659194936,-0.427469303,-0.003000836,0.719984506,13195.19158,-1.855074822,0.812467987,0.187532013,0,FALSE,FALSE
청룡동,1,951223.3333,1942412.333,-0.501619442,0.612181064,1.388587856,2.720053184,1.248615744,0.872003244,1.178163574,1.293233048,1.160747927,26037.72967,-0.242473188,0.191027018,0.808972982,1,FALSE,FALSE
청림동,0,952023.6842,1943449,0.612059349,1.110214291,0.360863469,0.011775777,0.348110401,0.513575255,0.392213147,0.950319867,1.012497381,19281.10263,-0.242473188,0.671220642,0.328779358,0,FALSE,FALSE
청운효자,0,953454.0323,1953782.065,0.713375322,-1.378345479,-1.102429647,-0.741890157,-0.829257164,-0.981644816,-1.421731764,-1.762587493,-1.579432941,7897.749742,0.188247507,0.450651788,0.549348212,1,FALSE,TRUE
청파동,1,953002,1950315,-0.160867332,-1.054607648,-0.672233417,-0.36641336,-0.395813485,-0.489024047,-0.587513738,-0.665803028,-0.609689025,12047.18432,-0.53378187,0.542971975,0.457028026,0,TRUE,FALSE
충현동,1,952732.6923,1951574,-0.933667248,0.005000007,0.723336125,1.435706619,2.632765182,3.239321334,2.337268665,1.402037974,1.588074518,28716.20562,0.023866179,0.056417859,0.943582141,1,FALSE,FALSE
평창동,1,953467.3913,1956672.913,7.118634817,-1.86639319,-1.582482476,-1.314479268,-1.509724931,-1.643829579,-1.731793994,-1.825586475,-1.641249574,4747.495565,0.215297599,0.884949086,0.115050914,0,TRUE,FALSE
풍납1동,0,966124.1379,1948581.759,0.364831504,0.283347882,-0.071908858,-0.486108186,-0.345944826,-0.324567061,-0.16524897,-0.047939201,-0.441163306,14005.86293,0.891549898,0.607507953,0.392492047,0,FALSE,FALSE
풍납2동,0,965813.3333,1947630.333,0.698447906,-0.697357648,-1.074966097,-0.603566658,-0.22374287,-0.315174485,-0.432067272,-0.532891288,-0.861075152,12003.06325,0.891549898,0.486641825,0.513358175,1,FALSE,TRUE
필동,1,955221.875,1951372.438,-0.752115751,-0.804037522,-0.572596423,0.25035609,0.401469115,0.467105043,0.125215852,-0.335666601,-0.055511687,16209.04781,0.4564783,0.222479216,0.777520784,1,FALSE,FALSE
하계1동,0,962273.6486,1959984.135,0.083901025,-0.398919419,1.506423719,0.148429361,-0.193065222,0.669844801,1.117177469,0.7173634,1.010239394,19456.80577,-0.617012922,0.631145011,0.368854989,0,FALSE,FALSE
하계2동,0,961696.1538,1959572.077,-0.756316397,0.446948768,2.000691797,0.366146229,0.28826677,1.477483107,1.844870275,1.270663994,1.546823599,23214.57869,-0.617012922,0.512773464,0.487226536,0,FALSE,FALSE
한강로동,1,952987.2549,1947953.902,-0.651834764,-0.328563347,-0.590986561,0.087687691,0.406032612,0.419223609,-0.034459849,-0.27965498,0.155057308,16212.09381,-0.019830123,0.297961037,0.702038963,1,FALSE,FALSE
한남동,1,956217.4242,1948845.591,-0.190570641,-1.408930285,-1.404454203,-0.629951323,-0.731380182,-1.115564424,-1.374182765,-1.359722017,-1.223341293,8431.903848,1.266089632,0.412063254,0.587936746,1,FALSE,FALSE
합정동,1,948080.5556,1950104.556,-0.732160611,0.601531561,-0.197939246,1.032769508,1.01762614,0.455820853,0.193790047,0.017051005,0.068000151,19352.2915,0.01762385,0.205726911,0.794273089,1,FALSE,FALSE
행당1동,0,958982.9787,1951239.426,-0.725234951,0.824765009,1.418598758,1.587033657,1.167213233,1.154287597,1.234449008,1.203888934,1.461639487,24904.47049,-0.783475026,0.323149291,0.676850709,1,FALSE,TRUE
행당2동,0,958537.5,1950967.75,-0.403029844,1.355945897,0.867022186,-0.232137982,0.290480704,0.520022746,0.380933449,0.52896261,0.758547101,18809.488,-0.783475026,0.641686052,0.358313948,0,FALSE,FALSE
행운동,0,952062.8571,1942480.429,-0.633240626,0.600312801,0.669542802,2.196563839,1.300540576,0.613629692,0.838314295,1.299412852,1.239609344,24412.30897,-0.242473188,0.27755382,0.72244618,1,FALSE,TRUE
혜화동,0,955952.5,1954239,-0.471817763,-0.102405299,1.59734768,1.591468024,0.270548333,0.240835488,-0.023577286,-0.130339402,0.022477505,19607.3711,0.211136047,0.20418952,0.79581048,1,FALSE,TRUE
홍은1동,0,950746.6667,1955087.333,0.052736976,-0.510026479,-0.462686243,-0.786627657,-0.860020261,-0.708452542,-0.468078371,-0.382816188,-0.001513602,11824.11993,-0.128030491,0.728462412,0.271537588,0,FALSE,FALSE
홍은2동,0,949755.0847,1953840.525,2.279781543,-0.305955989,0.321243431,-0.347469809,-0.824206878,-0.69008729,-0.693016473,-0.598011581,-0.393250034,12496.04107,-0.128030491,0.733308899,0.266691101,0,FALSE,FALSE
홍제1동,1,950612,1954227,0.093288187,-0.200928276,-0.232944809,-0.561825203,-0.625423537,-0.436396621,-0.281558153,-0.217817874,0.147719384,13361.48612,-0.284088714,0.691424311,0.308575689,0,TRUE,FALSE
홍제2동,0,951398.2759,1953921.414,-0.642767479,-0.067947772,-0.327638485,-0.610930006,-0.628990733,-0.489493055,-0.289763625,-0.315401037,0.01412357,13056.10083,-0.284088714,0.652506323,0.347493677,0,FALSE,FALSE
홍제3동,0,951066.0714,1954832.929,-0.33756634,-0.013965927,-0.007009373,-0.492592366,-0.588125253,-0.272809528,0.009217553,0.179838546,0.658336806,14801.32118,-0.284088714,0.719735844,0.280264156,0,FALSE,FALSE
화곡1동,1,941552,1948901,0.016407608,1.835701065,0.120122417,-0.258782523,0.060289006,-0.227139235,-0.040524546,0.257302244,0.020010881,16416.3234,-0.284088714,0.686076242,0.313923759,0,TRUE,FALSE
화곡2동,0,942825,1948749,0.756826102,0.580045967,-0.117063225,-0.684310403,-0.437773224,-0.489097715,-0.733006947,-0.360021524,-0.901878937,12532.2775,-0.284088714,0.696758771,0.30324123,0,FALSE,FALSE
화곡3동,0,941375,1949370.429,-0.415410823,1.338173434,0.63122212,0.230540415,0.414956608,0.252089054,0.463002947,0.696967511,0.648609251,19307.47979,-0.284088714,0.599491809,0.400508191,0,FALSE,FALSE
화곡4동,1,943666.6667,1948090.667,0.057253934,0.017522251,-0.113241487,-0.372116489,-0.296960466,-0.293092363,-0.240994026,-0.184689843,-0.303265668,14056.52433,-0.284088714,0.622582228,0.377417772,0,TRUE,FALSE
화곡6동,0,942575,1950495.154,1.46816156,-0.632189755,-0.69090145,-0.216373989,-0.219276161,-0.511024275,-0.390199642,-0.330717854,-0.506085859,13110.11831,-0.284088714,0.65035794,0.34964206,0,FALSE,FALSE
화곡8동,0,942325,1948149,-0.794172955,3.136468033,1.349555647,1.457343794,2.529106001,1.970900594,2.304051885,2.504244163,1.882260227,30240.873,-0.284088714,0.380947314,0.619052686,1,FALSE,TRUE
화곡본동,0,941981.5789,1949488.474,-0.303120363,0.6805644,0.080901113,0.136971982,0.44410747,0.016507083,0.241160004,0.552118198,0.215522945,17709.31674,-0.284088714,0.606879786,0.393120214,0,FALSE,FALSE
화양동,1,962018.6567,1949315.418,-0.634537718,0.03090604,1.896436917,3.944900222,1.21514347,0.597939336,0.594246088,0.301141074,0.261022353,25709.76942,-1.449323443,0.067414633,0.932585367,1,FALSE,FALSE
황학동,1,957657.5,1952104,-0.729324956,0.363063868,-0.503697363,-0.160923315,0.040916176,-0.084680862,0.260972169,0.285959002,0.385121455,16124.9417,1.172454698,0.488769817,0.511230183,1,FALSE,FALSE
회기동,1,960559.0909,1954712.636,-0.012263029,0.048732538,1.118751874,1.710613395,0.122876663,-0.01932323,0.047883295,0.156890821,0.465506552,19706.55082,0.173682073,0.288534646,0.711465354,1,FALSE,FALSE
회현동,1,953700.625,1950958.375,-0.771617846,-0.894034144,-0.859298772,1.014537885,2.580745708,2.598469325,1.826469659,1.101820306,1.272818478,25118.4557,0.386961644,0.072011493,0.927988507,1,FALSE,FALSE
효창동,0,952268.1818,1949185.364,-0.694158829,0.70295847,0.277325778,-0.23171234,-0.091590595,-0.11767538,-0.128268557,0.059215461,0.338794299,15995.12709,-2.833039684,0.763639212,0.236360788,0,FALSE,FALSE
후암동,0,954161.1111,1950295.296,0.890080834,-1.376954503,-1.329795916,-0.998688016,-1.095554351,-1.25183341,-1.428766893,-1.496050106,-1.371519998,7145.107741,-0.94993713,0.694326623,0.305673377,0,FALSE,FALSE
휘경1동,0,961183.9286,1954620.429,-0.546677293,-0.164496856,0.55603884,1.255876616,0.079229647,0.045669362,0.297402702,0.462634717,0.809340391,19272.20107,-1.927901993,0.519487456,0.480512544,0,FALSE,FALSE
휘경2동,0,961964.7059,1954232.824,1.345202478,-0.50623529,-0.295112903,-0.642125722,-0.857226082,-0.774161225,-0.818422482,-0.770716102,-0.70483162,10993.23962,-1.927901993,0.794025303,0.205974698,0,FALSE,FALSE
흑석동,1,952641.6667,1945374,-0.220527329,-1.01807527,-0.760423675,-0.400029684,-0.974489077,-1.105838442,-1.220936753,-1.098451564,-0.961278557,9593.43725,0.225701481,0.531463778,0.468536222,0,TRUE,FALSE
