,dong,starbucks,X,Y,subway,pop0,pop10,pop20,pop30,pop40,pop50,pop60,pop70,poptotal,landprice,0,1,INTO,miss
297,월곡1동,1.0,958842.5,1956432.75,0.241558689,-0.004330369000000001,-0.328205381,-0.6688694860000001,-0.579570011,-0.428926006,-0.431026781,-0.32344944600000003,-0.403082939,12682.64073,0.308932533,0.6351784979999999,0.364821502,0.0,1
5,가양1동,1.0,941331.5126,1952187.655,-0.45724229299999997,-1.361746504,-1.361571261,-1.0030091079999999,-1.0671769979999999,-1.244699175,-1.2894749509999999,-1.460741585,-1.4386904409999999,7251.046739,-0.315300358,0.591372305,0.408627695,0.0,1
194,성북동,1.0,956426.4706,1954696.0590000001,-0.46471014200000005,-0.594476115,-0.25992651,-0.37880249899999996,-0.681134075,-0.688183161,-0.7627297209999999,-0.800763852,-0.472607372,11847.652759999999,-0.159242135,0.547035888,0.45296411200000003,0.0,1
205,송중동,1.0,958594.2623,1957487.525,-0.43735690299999996,0.358236293,0.49160995700000004,0.139394477,0.017493762,0.274046833,0.62964642,0.620050391,0.865706579,18425.20174,-0.273684832,0.59826233,0.40173767,0.0,1
11,강일동,1.0,971264.0411,1951238.726,1.625464559,-0.510890594,-0.492677109,-0.85233235,-0.708953583,-0.690440174,-0.840814446,-0.908768812,-0.9988813409999999,10475.13087,-0.934331308,0.733465354,0.26653464600000004,0.0,1
17,개포4동,1.0,960328.2609,1941864.217,1.8703913630000002,-1.277759729,-1.1178063459999998,-0.92825369,-0.872711082,-1.022681369,-1.218328812,-1.219181887,-1.5363611069999998,8157.975651999999,1.141243054,0.593589381,0.406410619,0.0,1
350,중곡2동,0.0,963202.9412,1950882.824,-0.50072166,0.415818124,-0.025055976,0.357691541,0.652610791,0.313304558,0.629319365,0.6879767840000001,0.268903989,18817.02135,0.100854902,0.483523284,0.516476716,1.0,1
412,흑석동,1.0,952641.6667,1945374.0,-0.220527329,-1.01807527,-0.760423675,-0.400029684,-0.974489077,-1.105838442,-1.220936753,-1.098451564,-0.961278557,9593.43725,0.225701481,0.531463778,0.468536222,0.0,1
250,신정6동,1.0,944641.6667,1946224.0,0.40721989399999997,-1.114983865,-0.5971592720000001,-1.128216342,-1.3038787520000001,-1.027321016,-1.259263236,-1.4755072009999999,-1.467651069,7603.658332999999,-0.518176048,0.653035066,0.346964934,0.0,1
118,문정1동,1.0,966917.5,1943254.833,-0.09408296099999999,0.138586326,-0.016491356999999998,-0.39090269,-0.24790399,-0.31356714199999997,-0.049394315,-0.095516597,-0.578134247,14195.56315,0.6210489779999999,0.57355298,0.42644702,0.0,1
359,창1동,1.0,959878.5714,1961115.071,-0.564523228,0.396856813,0.42475103,-0.299560896,-0.21295504899999998,0.057747629,0.29389808,0.369611614,0.312082874,16416.15236,-0.9187254859999999,0.691779884,0.308220116,0.0,1
130,방배3동,1.0,955645.8333,1941897.611,0.9573001040000001,-1.342830669,-0.908995298,-0.926409358,-1.051831113,-1.126051603,-0.986586884,-0.7831502140000001,-0.8553628759999999,8970.372222,0.7250877929999999,0.709554728,0.290445272,0.0,1
157,삼각산동,1.0,957678.5714,1957399.0,0.515439348,1.774129101,1.022935865,-0.52261455,0.117465334,0.68063014,-0.0057334709999999995,0.278508,0.236263172,17746.415569999997,-0.273684832,0.608362351,0.391637649,0.0,1
344,종암동,1.0,958992.8571,1955385.905,0.210839133,0.777335165,0.670733482,0.021678186000000002,-0.084010869,0.148214806,0.320142379,0.458492661,0.7996506320000001,17910.64752,0.34014417700000005,0.611172571,0.388827429,0.0,1
52,내곡동,1.0,960972.8,1940056.6,2.144516059,-1.810437289,-1.9321628180000001,-1.2986627259999999,-1.353648889,-1.599272621,-1.85348687,-2.078684017,-2.107141641,4161.996936,-0.16964601699999998,0.6745249,0.325475101,0.0,1
53,노량진1?1,951336.25,1946142.75,-0.677670902,-1.143004402,-0.074479459,2.590752137,0.30695828,-0.60071399,-0.678389056,-0.7798714840000001,-0.674162038,17191.45738,0.09045102099999999,0.09167730699999999,0.908322693,1.0,,1
54,노량진2?0,950425.6757,1945801.7030000002,-0.646580419,-0.46403247299999995,0.331263023,1.4796348940000001,0.43353033700000004,0.05715705,0.302455049,0.410611359,0.6045701529999999,19555.36927,-0.044799439,0.311931217,0.688068783,1.0,,1
261,암사3동,1.0,967812.7273,1950842.636,0.915339433,0.897265207,0.056026847000000005,-0.734945525,-0.514519241,-0.32326781,-0.472334553,-0.44049051200000006,-0.7239585,13070.70391,0.756299438,0.610845348,0.38915465299999996,0.0,1
345,중계1동,1.0,962265.0,1961252.0,0.915302409,0.490174637,2.711022208,-0.292935094,-0.565415815,0.9643009159999999,0.6320881429999999,0.107494102,-0.071699804,18211.41964,-0.60660904,0.587951829,0.412048171,0.0,1
67,대방동,0.0,949279.4643,1945565.9640000002,-0.472136171,-0.15209436699999998,0.320326132,0.184134448,0.03573783,0.185984717,0.054489517,0.040332607,0.192031002,16695.22034,0.204893718,0.424975669,0.575024332,1.0,1
87,동화동,0.0,957163.6364,1951512.636,-0.90503901,-0.492129579,-0.539122515,-0.32987496,-0.39690952700000004,-0.23487863899999997,-0.09893230900000001,-0.205595362,0.082018189,13931.059180000002,0.8291266079999999,0.46233017200000004,0.537669828,1.0,1
377,청파동,1.0,953002.0,1950315.0,-0.160867332,-1.054607648,-0.672233417,-0.36641336,-0.395813485,-0.489024047,-0.587513738,-0.665803028,-0.609689025,12047.18432,-0.53378187,0.542971975,0.45702802600000003,0.0,1
143,보라매동,1.0,949386.3636,1943710.364,0.712578417,0.9399150740000001,0.154849556,0.592999123,1.014434031,0.739820345,0.5945670439999999,1.060683485,1.237202093,21329.04459,-0.242473188,0.537883227,0.462116773,0.0,1
216,숭인2동,1.0,957650.0,1952725.0869999998,-0.594984706,0.294407247,-0.23362257600000003,0.25497516800000003,0.684734405,0.85729506,1.4560420630000002,1.66680279,1.712737109,21491.99457,0.19448983600000003,0.599209155,0.400790845,0.0,1
182,서림동,0.0,950407.5,1941466.5,2.497602205,0.159973761,0.15348467400000002,1.990067611,0.531517592,-0.093883743,-0.076225899,0.089997815,0.075582348,19497.3796,0.464990755,0.286241722,0.713758278,1.0,1
207,송파1동,1.0,965379.0909,1945321.727,-0.754758487,0.684211175,0.021951237999999998,0.02841162,0.330551642,0.03001539,0.28656098,0.443259898,0.06640342099999999,17237.7986,0.38175970299999995,0.525700945,0.474299055,0.0,1
82,독산3동,1.0,946971.875,1941961.5,1.482933452,-0.905326773,-1.0999178170000001,-0.659161543,-0.621627963,-0.756429749,-0.558834093,-0.593645628,-1.051034489,10625.15425,-0.38812752899999997,0.703922706,0.296077294,0.0,1
25,공릉1동,1.0,962356.875,1958290.875,-0.643053981,0.863628686,0.59898906,0.31764152100000004,0.310622177,0.496757281,0.9539271990000001,1.108577821,0.642558689,19985.817430000003,-0.53378187,0.61285208,0.38714792,0.0,1
80,독산1동,1.0,946085.2941,1940340.176,0.468028021,-0.147192558,-0.975493605,-0.895363749,-0.934601903,-0.9282254209999999,-0.9842947,-1.046399503,-1.102151034,9472.189941,-0.38812752899999997,0.657508091,0.342491909,0.0,1
127,발산1동,1.0,940266.5254,1950510.864,1.154522292,-0.954639328,-1.0304116540000001,-1.130905256,-1.244836998,-1.263557024,-1.538577004,-1.6602772369999999,-1.770074173,6647.107271,-0.78694264,0.6924960059999999,0.307503994,0.0,1
306,이문1동,1.0,961176.3158,1955343.737,-0.383202045,-0.630196263,0.718180455,1.1740209209999999,-0.325397903,-0.45413173,-0.442847796,-0.40253529899999996,-0.16297246099999999,16138.06995,-2.916270737,0.53410575,0.46589425100000004,0.0,1
364,창신1동,0.0,957097.1429,1952583.2859999998,-0.9870868359999999,-0.6721386229999999,-0.19738898100000002,0.5063247479999999,1.055742816,1.3099615359999999,1.690733574,1.684253443,1.4814596919999998,22336.76931,0.121662666,0.428109068,0.5718909320000001,1.0,1
183,서빙고동,1.0,954571.0,1947001.0,-0.276230494,-1.167597265,-1.121830226,-0.9937313190000001,-1.039251307,-1.023412897,-1.352658947,-1.363415196,-0.82033447,8245.15072,-1.532554495,0.679186692,0.320813308,0.0,1
154,사당3동,1.0,953213.0435,1943027.261,-0.545655728,1.113659942,-0.134205449,-0.13661885699999998,0.133395676,-0.186327512,-0.167667411,0.299084151,0.378648227,16422.221,0.5794334520000001,0.575871295,0.424128705,0.0,1
273,연희동,1.0,949691.3793,1952280.034,1.584125538,-0.865540917,-0.693033812,-0.01202124,-0.510287842,-0.695475262,-0.7793358140000001,-0.7519890090000001,-0.508223895,12158.46845,-0.20085766100000002,0.573296796,0.426703205,0.0,1
217,시흥1동,1.0,946900.7813,1939316.188,0.982258126,-0.6288190539999999,-0.774746168,-0.780773677,-0.808548893,-0.85895839,-0.773362078,-0.803607053,-0.9078207490000001,10256.54653,-0.429743055,0.706713287,0.293286714,0.0,1
75,도곡2동,1.0,960172.8916,1943257.4340000001,-0.317196145,0.696233387,1.399602026,0.289606855,0.955011556,1.789164525,1.4591825280000001,1.7586234040000002,1.578626165,23982.303190000002,-0.512974107,0.5287127389999999,0.47128726200000004,0.0,1
266,양평1동,0.0,946005.7692,1947385.5380000002,-0.21874804899999997,0.5241082979999999,-0.620155859,-0.224252361,0.306096565,0.10639750099999999,-0.115497587,-0.130401211,-0.110304598,15555.004019999998,-0.41933917299999995,0.49001437,0.50998563,1.0,1
321,자양4동,0.0,961450.0,1948845.429,-0.061685778,0.060251049,0.45265056200000003,1.569012789,1.039200955,0.738297203,0.8153526729999999,0.527401274,0.307186815,21645.60757,0.5898373339999999,0.18494448300000002,0.815055517,1.0,1
150,불광2동,1.0,949080.8824,1958366.6469999999,0.235113485,0.289704466,0.42309530700000003,-0.15047972,-0.216560015,-0.046409589,0.293545552,0.49125183,0.668378507,16834.66235,0.527414045,0.663772887,0.336227114,0.0,1
296,월계3동,1.0,961603.8462,1958256.6919999998,-0.623245415,0.9438311770000001,0.057443025999999994,-0.2649718,-0.093114491,0.10330466599999999,0.29733066399999997,0.334915287,0.207803551,16558.94477,-0.252877069,0.602939333,0.39706066700000003,0.0,1
49,남가좌2?1,949034.7826,1953031.6090000002,1.652883085,-0.284359997,-0.35386742600000004,-0.5448722810000001,-0.6674896060000001,-0.503751252,-0.5662543320000001,-0.379886092,-0.047301792,12661.88735,0.5794334520000001,0.6769954659999999,0.323004534,0.0,,1
390,행운동,0.0,952062.8571,1942480.429,-0.633240626,0.6003128010000001,0.669542802,2.196563839,1.300540576,0.6136296920000001,0.838314295,1.2994128520000001,1.239609344,24412.30897,-0.242473188,0.27755382,0.72244618,1.0,1
211,수서동,1.0,964551.2821,1943201.564,-0.48784039,0.57426758,-0.262251487,-0.332096989,0.504823599,0.270662828,0.371144318,0.874393118,0.575529635,17682.16795,-0.138434372,0.6708287589999999,0.329171241,0.0,1
146,북가좌1?0,947692.8571,1952963.2859999998,0.172444442,1.067813451,0.6884689279999999,-0.36730355200000003,-0.19991704600000001,0.170516631,0.071266598,0.354782573,0.618853969,16967.014,-0.076011083,0.675379388,0.324620612,0.0,,1
308,이촌1동,1.0,952892.5532,1946796.872,0.323945533,-0.288447162,-0.5527892879999999,-0.685838882,-0.46061490299999996,-0.238783195,-0.549639534,-0.403231733,0.385768015,13151.960659999999,-0.512974107,0.65563563,0.34436437,0.0,1
397,화곡1동,1.0,941552.0,1948901.0,0.016407608,1.835701065,0.120122417,-0.258782523,0.060289006,-0.227139235,-0.040524546,0.25730224399999996,0.020010881,16416.3234,-0.28408871399999996,0.6860762420000001,0.31392375899999997,0.0,1
221,신길3동,1.0,947590.0,1945469.0,0.765053157,0.8176546659999999,0.034276691,-0.567057099,-0.5481572020000001,-0.35247749,-0.06957711400000001,0.0017261289999999999,-0.035748563,14354.827,1.286897395,0.649242791,0.35075720899999996,0.0,1
173,상도2동,0.0,950496.4286,1945134.7140000002,-1.120396577,1.4544770219999998,0.192690298,0.677430616,0.46866073,0.30119396600000004,0.7192368140000001,1.006333023,1.340506622,20778.02421,0.600241215,0.466835874,0.533164126,1.0,1
322,잠실2동,0.0,962883.5821,1946094.896,-0.541895834,1.8511926769999998,2.054673845,0.38025290100000003,0.7233587359999999,1.332434815,0.489099916,0.7447944470000001,0.275559124,21868.59867,0.714683912,0.308620207,0.691379793,1.0,1
225,신길7동,0.0,948680.0,1945226.5,-0.39258757899999996,0.053355304000000006,-0.063622032,-0.331706376,-0.443468629,-0.331776241,-0.307316521,-0.450741648,-0.30226305,13709.0395,1.286897395,0.439246204,0.560753796,1.0,1
41,금호1가?0,958118.1818,1950394.455,0.239507038,0.44477743,-0.118974989,-0.6920740040000001,-0.159833138,-0.149273664,-0.46302398899999997,-0.29310552100000004,-0.129572545,13965.488819999999,-0.481762462,0.653883231,0.346116769,0.0,,1
346,중계2.3?0,961652.2727,1960663.773,-0.7582620990000001,3.0205755930000002,3.163426742,0.729659838,0.990025672,2.2104187090000003,2.440253282,2.513810287,2.783280225,29524.59352,-0.60660904,0.610416131,0.38958386899999997,0.0,,1
376,청운효자,0.0,953454.0323,1953782.065,0.713375322,-1.378345479,-1.1024296470000001,-0.741890157,-0.829257164,-0.981644816,-1.421731764,-1.762587493,-1.5794329409999999,7897.749742,0.18824750699999998,0.450651788,0.5493482120000001,1.0,1
1,가락2동,1.0,967105.3571,1944185.6069999998,-0.641954206,0.529621342,0.45271055,-0.17910311399999998,-0.008592194000000001,0.232686064,0.46092130200000003,0.321633784,0.10083493199999999,17018.696,0.475394637,0.517410168,0.48258983200000005,0.0,1
366,창신3동,0.0,957050.0,1953674.0,-0.68914132,-0.402458595,-0.21847117100000002,-0.6482819670000001,-0.668584242,-0.579642384,-0.6784528740000001,-1.120023064,-0.7308727629999999,11335.6755,0.121662666,0.473796757,0.526203243,1.0,1
292,원효로1?1,952817.5,1948761.5,-0.332558024,0.870180979,-0.420127201,-0.233807118,0.279126305,0.08636148800000001,-0.24234551899999998,-0.319666446,-0.323912622,15380.73745,-1.022764301,0.499105484,0.500894516,1.0,,1
162,삼전동,1.0,963871.9512,1944939.244,-0.644228875,0.708287599,0.146945068,-0.174132695,0.31132099399999996,-0.082716024,0.02284757,0.220896445,-0.029738201000000002,16466.05895,0.517010163,0.544645649,0.455354351,0.0,1
193,성내3동,1.0,967666.0,1947511.0,-0.016433700000000002,-0.365629229,-0.042112287000000005,-0.432089845,-0.454938114,-0.42391527,-0.19665486100000001,-0.15164963,-0.479537765,13453.271,1.8487069969999999,0.51261639,0.48738361,0.0,1
327,잠실본동,1.0,963068.8889,1945326.7780000002,-0.360371636,-0.040043142000000004,-0.125977178,-0.270526771,-0.046526032,-0.326883392,-0.265553115,-0.043875014000000004,-0.066955287,14696.218380000002,0.714683912,0.553200985,0.446799015,0.0,1
371,청구동,0.0,956936.3636,1951053.545,-0.889324615,0.04416465,-0.112221245,-0.112072716,-0.014653741000000001,0.03291057,0.011013686000000002,0.074245937,0.730284247,16265.025,0.8291266079999999,0.45564263,0.54435737,1.0,1
111,목3동,1.0,943742.8571,1949627.571,0.70421171,0.728457391,0.42328076299999995,-0.263308174,-0.053005540999999996,0.00429022,0.29881009,0.37417489,-0.003488197,16526.41421,-0.492166344,0.716864368,0.28313563199999997,0.0,1
51,남현동,1.0,953987.5,1941680.25,0.121857042,0.352422509,-0.414439656,0.378307864,0.153701435,-0.261367719,0.10757218800000001,0.248227745,-0.09199586,16409.7375,-1.105995353,0.6133398170000001,0.386660183,0.0,1
101,면목3.8?0,963967.1053,1953999.0,0.013785743,0.422098975,0.413634675,-0.225260349,-0.402208068,-0.30672624600000004,0.005137758,-0.024679235,0.022670527000000003,15220.20171,-0.929129367,0.7034076109999999,0.296592389,0.0,,1
136,방화1동,1.0,939878.3333,1952064.5559999999,-0.594569015,-1.575221767,-1.702916481,-1.340676879,-1.496200886,-1.7775059880000001,-1.973975215,-2.02783087,-2.0319918059999997,4016.6941,-0.34651200299999996,0.623418088,0.376581912,0.0,1
214,수유3동,1.0,958102.6316,1960183.211,-0.5065824839999999,0.19449518300000002,0.5459004479999999,1.065933676,0.466284651,0.625975683,1.18458217,1.301095568,1.549013472,22043.60642,-0.564993514,0.517297122,0.48270287799999995,0.0,1
394,홍제1동,1.0,950612.0,1954227.0,0.093288187,-0.20092827600000002,-0.23294480899999997,-0.5618252029999999,-0.6254235370000001,-0.43639662100000004,-0.28155815300000003,-0.217817874,0.147719384,13361.48612,-0.28408871399999996,0.6914243109999999,0.308575689,0.0,1
249,신정4동,1.0,942921.4286,1947170.429,-0.725007773,-0.135168643,-0.24658499399999997,-0.6015654189999999,-0.594905528,-0.462213547,-0.345281479,-0.162956365,-0.31342903899999996,12975.015140000001,-0.518176048,0.675117427,0.324882573,0.0,1
230,신대방1?0,947616.0714,1943499.0,-0.11744911699999999,-0.322991548,-0.286305342,0.218914969,0.283557879,0.21245619100000002,0.423615474,0.543579502,0.10860329199999999,17180.28621,0.204893718,0.498271959,0.501728041,1.0,,1
48,남가좌1?1,948481.5789,1952512.158,-0.48805328200000003,0.270247603,-0.7461515890000001,-0.87733743,-0.865563612,-0.853405148,-1.053285198,-0.933020693,-0.6530510660000001,10361.49311,0.5794334520000001,0.5689537179999999,0.431046282,0.0,,1
46,길음2동,1.0,958442.8571,1956379.3569999998,-0.247448398,-0.015920948,-0.013070836,-0.434939445,-0.23117177100000003,-0.040709927,0.016309961,0.013606507,-0.08420997300000001,14850.41275,0.667866445,0.545141262,0.454858738,0.0,1
28,광장동,1.0,964911.3861,1949598.01,-0.078522562,0.22154089899999999,0.878680175,-0.374298358,-0.312425023,0.6656453370000001,0.23249602100000002,-0.201656558,0.049251913,16331.848890000001,-2.676981462,0.6239412879999999,0.376058712,0.0,1
68,대조동,1.0,948986.9565,1956996.826,-0.7619498240000001,0.780116156,0.669147735,0.25969096399999997,0.329354602,0.496107411,0.868155735,0.9913285629999999,1.450975884,20394.31033,-0.086414965,0.594934609,0.405065391,0.0,1
65,대림2동,0.0,947090.0,1943499.0,-0.935527153,-0.625750557,-0.556211242,0.46792315700000003,0.560400782,0.28822007899999996,0.498889252,0.61957784,0.217093535,17823.11,1.286897395,0.324156481,0.6758435190000001,1.0,1
61,답십리2?0,960994.7368,1952093.737,0.43833105,-0.8890100679999999,-0.914482557,-0.748165335,-0.786583554,-0.7337273,-0.663315996,-0.6446981970000001,-0.659337555,10628.85868,3.097172778,0.431806655,0.568193345,1.0,,1
121,미아동,1.0,958084.6154,1958935.5380000002,-0.61753264,-0.25231960600000003,0.186719993,0.021843945,-0.2112509,0.07327184,0.746916878,0.840666693,0.9912913259999999,17657.581769999997,-0.273684832,0.685413107,0.31458689300000003,0.0,1
379,평창동,1.0,953467.3913,1956672.9130000002,7.118634817,-1.86639319,-1.582482476,-1.314479268,-1.509724931,-1.6438295790000002,-1.731793994,-1.825586475,-1.6412495740000002,4747.495565,0.21529759899999998,0.884949086,0.115050914,0.0,1
169,상계6.7?1,961263.4146,1961466.073,-0.6868072340000001,2.5178959919999997,3.1797022189999997,1.803179765,1.6192305830000002,2.4340368669999997,2.846780827,2.425146016,2.551672962,31903.355069999998,0.48579851799999996,0.272295295,0.727704705,1.0,,1
358,진관동,1.0,949363.4146,1960274.61,1.8832453830000002,-0.941452003,-0.8616053340000001,-1.106754936,-1.169789158,-1.139941197,-1.4404608780000001,-1.4425383809999999,-1.1344123609999999,7724.398679000001,-0.41933917299999995,0.73382347,0.26617653,0.0,1
288,용산2가?1,954297.6190000001,1948699.0,0.031188971,-2.282389254,-2.062639801,-1.51214046,-1.814548866,-2.147805778,-2.4444905130000003,-2.4969942019999998,-2.402342713,1482.156286,-1.189226405,0.703250417,0.296749583,0.0,,1
324,잠실4동,0.0,965415.5556,1946900.111,-0.37645109600000004,1.6780339780000002,0.438939355,0.286893436,0.795355085,0.734460397,0.8056309690000001,0.927011122,0.614038276,20744.60932,0.662664504,0.444786721,0.555213279,1.0,1
108,명일2동,1.0,969279.5918,1950168.388,0.008729274,0.151411787,1.884671286,-0.201179523,-0.248419716,0.32683544,0.588198651,0.790337518,0.397736824,18224.58912,-0.128030491,0.7304251629999999,0.269574837,0.0,1
264,양재1동,1.0,958196.9697,1941075.894,2.268938543,-1.36520584,-1.517260913,-0.900972091,-0.796949455,-1.139419706,-1.5292606000000002,-1.516134255,-1.57099778,7385.866923999999,0.7667033190000001,0.583126468,0.41687353200000005,0.0,1
139,번1동,1.0,958518.0,1959879.0,-0.027267657999999997,-0.233122036,0.005009303,0.268247272,-0.09122888900000001,0.088716789,0.420942637,0.579378605,0.7148713859999999,17402.372919999998,-0.7106478559999999,0.629708913,0.370291087,0.0,1
62,당산1동,0.0,946609.8485,1947242.1819999998,-0.66980019,0.285445525,-0.588678158,-0.085869197,0.25889522,0.261343573,0.344994559,0.253781194,0.142976503,16592.76597,0.308932533,0.43956262,0.56043738,1.0,1
283,왕십리2?0,957950.0,1951074.0,-0.09627875,0.23741464399999998,-0.130282406,-0.632110235,-0.35767294,-0.30591172,-0.26517640000000003,-0.2897421,-0.32480546600000004,13575.4595,-0.637820685,0.667770505,0.332229495,0.0,,1
310,이태원1?1,955116.0,1948343.0,-0.633809419,-1.33803928,-0.928378699,1.22595595,0.140393721,-0.694509901,-0.8429475959999999,-0.939722785,-0.635957022,14067.656519999999,0.48579851799999996,0.176372415,0.823627585,1.0,,1
293,원효로2?0,951897.3684,1948327.947,0.764745151,-0.307425413,-0.351445816,-0.20514753,0.006382611999999999,-0.025872737000000003,-0.425566729,-0.592092986,-0.334941046,14146.54416,-1.386900154,0.552300054,0.447699946,0.0,,1
167,상계3.4?0,962755.0,1963154.0,-0.743308537,-0.149279617,0.130194584,-0.486040707,-0.572267592,-0.18705292399999998,0.140984272,0.42447431799999996,0.634083113,15202.2043,0.48579851799999996,0.682247057,0.317752943,0.0,,1
3,가리봉동,0.0,946320.0,1942379.0,1.005156428,-1.014897371,-1.095017027,0.321374056,0.591232939,0.104859651,-0.259925911,-0.725253632,-0.8595840779999999,14553.9922,-0.6482245670000001,0.308842157,0.6911578429999999,1.0,1
400,화곡4동,1.0,943666.6667,1948090.667,0.057253934000000006,0.017522251000000003,-0.11324148699999999,-0.372116489,-0.29696046600000003,-0.293092363,-0.24099402600000003,-0.18468984300000002,-0.303265668,14056.524330000002,-0.28408871399999996,0.622582228,0.37741777200000004,0.0,1
113,목5동,1.0,945150.4425,1948683.956,0.8962657079999999,-0.548447965,0.571069687,-0.693071332,-0.7329486140000001,-0.094515112,-0.497886249,-0.722903581,-0.691083239,12570.2985,-0.492166344,0.609809895,0.390190105,0.0,1
19,거여2동,0.0,968575.0,1943706.5,-0.683920298,0.777078057,0.786550801,-0.39674628700000003,0.056769478,0.369811999,0.494213564,0.607027219,0.486936387,17771.8452,2.8266718589999997,0.43842814799999996,0.561571852,1.0,1
43,금호4가?1,957692.0,1949873.0,0.011748673999999999,1.578594674,-0.08133444599999999,-0.217111527,0.241297597,0.298271528,0.350606136,0.58464026,0.9107165309999999,18167.892480000002,-0.481762462,0.659198779,0.340801221,0.0,,1
131,방이1동,1.0,966625.9259,1945513.815,-0.097467557,0.39383756799999997,0.211733025,-0.6470811679999999,-0.7507871690000001,-0.5602078229999999,-0.42858550799999995,-0.414044213,-0.630382679,12686.18567,1.557398314,0.557746141,0.44225385899999997,0.0,1
174,상도3동,1.0,949866.6667,1944804.5559999999,-0.532735176,0.451688415,-0.075130897,-0.007549389,-0.031104054,-0.032290586,0.089334612,0.37315161399999996,0.457473936,16613.303330000002,0.600241215,0.5365228129999999,0.463477187,0.0,1
402,화곡8동,0.0,942325.0,1948149.0,-0.794172955,3.1364680330000003,1.3495556469999999,1.457343794,2.529106001,1.970900594,2.304051885,2.504244163,1.882260227,30240.873,-0.28408871399999996,0.380947314,0.619052686,1.0,1
279,오류1동,1.0,941851.9231,1944216.3080000002,-0.510637476,0.80108554,0.024825606,-0.12785963,-0.024448551000000002,0.014436396,0.353620738,0.757602537,0.959982205,17586.15608,-1.3348807459999998,0.762218183,0.237781817,0.0,1
311,이태원2?0,954812.5,1948792.75,-0.725012144,-1.4650628330000002,-1.369045307,-0.6986576999999999,-0.960721237,-1.315528337,-1.541788395,-1.498107412,-1.277362099,7591.45625,0.48579851799999996,0.47299534200000004,0.527004658,1.0,,1
60,답십리1?1,960332.5581,1952406.5580000002,-0.46589794799999995,-0.453162075,-0.787322083,-0.555139928,-0.571640755,-0.6299762720000001,-0.5694275870000001,-0.533786102,-0.459493088,11852.20998,3.097172778,0.361494327,0.6385056729999999,1.0,,1
238,신원동,0.0,949225.0,1942599.0,0.258259417,-0.056725174,0.052930593,0.802943145,0.183971418,-0.30710846399999997,-0.226433726,0.023193485,0.013264996999999999,16787.6745,0.464990755,0.41618813200000004,0.583811868,1.0,1
363,창5동,1.0,959469.4444,1961736.5,0.268996,0.34165808799999997,0.27211313800000003,-0.41662332,-0.370765105,-0.28564663,0.041023027999999996,0.154417427,0.273617024,15219.771859999999,-0.9187254859999999,0.766672185,0.233327815,0.0,1
148,북아현동,1.0,951879.5455,1951039.909,-0.715672181,0.390584926,-0.43964135600000004,-0.553045651,-0.6755725490000001,-0.688112073,-0.604835495,-0.7069301029999999,-0.44466397799999996,12149.09532,0.0072199690000000006,0.5675749379999999,0.43242506299999994,0.0,1
0,가락1동,1.0,965545.7627,1943982.898,-0.097547724,-1.9327923740000001,-1.80989704,-1.370076265,-1.530275061,-1.698234449,-1.7662520469999998,-1.848083306,-1.874831484,4189.393236999999,0.475394637,0.613864056,0.386135944,0.0,1
263,약수동,1.0,956677.5,1950321.5,-1.166868133,0.6566988970000001,-0.161377952,-0.212293254,0.219734392,0.167242534,0.282412268,0.662733099,1.304614552,17850.9632,0.8291266079999999,0.562467012,0.43753298799999996,0.0,1
38,구의2동,1.0,963747.7778,1949897.889,0.06360716,0.9908980279999999,0.66119403,-0.400927937,-0.231476298,-0.136289025,-0.061526344000000004,-0.031908194,-0.14938389800000001,15568.01813,0.7979149640000001,0.58828375,0.41171625,0.0,1
176,상봉1동,1.0,963531.8182,1955355.8180000002,-0.7900348690000001,0.025949539,-0.143217964,0.21317440899999998,0.168284144,0.018304317,0.531595529,0.471036978,0.429035038,17380.26082,-1.168418642,0.615176312,0.38482368899999997,0.0,1
241,신월3동,1.0,940410.0,1948889.0,2.880218447,-1.226912936,-0.974512519,-1.111731489,-1.308189595,-1.38744017,-1.4097205730000002,-1.439153586,-1.4918064219999998,6865.8112,-0.9083216040000001,0.823016537,0.176983463,0.0,1
177,상봉2동,1.0,963379.1667,1955083.167,-0.48151040700000003,-0.027685825,-0.274357582,0.035843744,-0.009717215,-0.11620127699999999,0.317462201,0.252200997,0.19834855899999998,16169.547669999998,-1.168418642,0.637173119,0.362826881,0.0,1
289,용신동,1.0,958597.7778,1952921.2219999998,-0.6421034170000001,-0.428336263,-0.609918875,-0.315003493,-0.267183682,-0.22187225300000002,0.10284218099999999,0.230439435,0.5520643479999999,14932.91734,-0.512974107,0.661536965,0.338463035,0.0,1
294,월계1동,1.0,961454.5455,1957453.545,-0.9774349509999999,1.016538888,1.194876826,0.751854865,0.366197444,0.597367117,1.030659386,1.474182775,1.464350145,22184.26855,-0.252877069,0.596796099,0.40320390100000003,0.0,1
84,돈암1동,1.0,957966.6667,1955932.333,-0.98792811,2.16581981,1.942157739,0.373736767,0.709288685,1.3636569,1.6993810580000002,2.16060227,2.082026735,25294.211330000002,0.21529759899999998,0.646810845,0.353189155,0.0,1
343,종로5.6?0,956281.5068,1952562.699,-0.7734589909999999,-1.474711691,-0.699532705,0.722372096,1.018206572,1.4443154280000001,2.388197419,1.9149032730000002,1.9058084659999999,23078.118440000002,0.47955619,0.383878365,0.616121635,1.0,,1
295,월계2동,1.0,960338.2353,1958757.824,1.261665788,-0.33974372399999997,-0.08633326599999999,-0.9213871109999999,-1.009280483,-0.946879673,-0.969162722,-0.743754008,-0.7864327590000001,10294.826,-0.252877069,0.7804069779999999,0.219593022,0.0,1
231,신대방2?1,949016.0,1943895.0,0.7197222679999999,1.282253406,0.420657709,0.710853854,1.451532539,1.227230423,0.839528671,1.4385211269999998,2.072923124,23919.96876,0.204893718,0.484035462,0.515964538,1.0,,1
336,전농1동,1.0,960406.8627,1953214.686,0.087665874,-0.804361785,-0.7800830940000001,-0.5987675960000001,-0.7759001659999999,-0.792989293,-0.678254502,-0.5614733270000001,-0.06450545,11427.28161,1.66143713,0.546767864,0.453232136,0.0,1
152,사당1동,1.0,953487.5,1942015.667,0.381297801,1.668086116,0.08741731900000001,0.214333425,0.37643558200000005,-0.080666432,0.38655933,0.8137741890000001,0.488239494,18612.85925,0.5794334520000001,0.6469603660000001,0.353039635,0.0,1
44,길동,1.0,968644.2623,1948697.361,0.507569271,0.127362892,-0.257859183,-0.28880141800000003,-0.126348621,-0.125989938,0.191061423,0.214270381,-0.211473725,15195.2041,1.234877987,0.559041957,0.44095804299999997,0.0,1
284,왕십리도,1.0,958276.3158,1952047.246,-0.364168748,0.10348529199999999,-0.658362572,-0.288609961,-0.315211291,-0.465174056,-0.36680119200000005,-0.435608215,-0.436776155,13288.79177,-0.481762462,0.561333734,0.438666266,0.0,1
220,신길1동,0.0,948662.0,1946281.0,-0.466373855,0.31356131800000003,0.29331097100000003,0.580536203,0.48544372799999996,0.37047264799999996,0.553606809,0.623583224,0.92177133,19545.6642,1.286897395,0.370206511,0.629793489,1.0,1
9,갈현1동,1.0,948807.1429,1958220.429,-0.356339784,1.201967987,1.887393426,1.165303672,0.823329167,1.149241931,1.808301021,2.102206791,2.509293999,26259.69357,-0.38812752899999997,0.625787466,0.374212534,0.0,1
147,북가좌2?1,948150.0,1953731.5,-0.10038194199999999,0.8796236009999999,0.611196999,-0.278669939,-0.13594208,0.21457425100000002,0.356725502,0.535913463,0.735060198,17522.23985,-0.076011083,0.672460087,0.327539913,0.0,,1
391,혜화동,0.0,955952.5,1954239.0,-0.47181776299999995,-0.102405299,1.59734768,1.591468024,0.27054833300000003,0.24083548800000001,-0.023577286,-0.130339402,0.022477505,19607.3711,0.211136047,0.20418952,0.79581048,1.0,1
278,오금동,1.0,967497.9839,1944982.468,-0.285338055,-0.471287083,-0.47468174399999996,-0.825103103,-0.948018545,-0.885789268,-0.809354736,-0.7560387609999999,-0.900973279,10280.63585,0.49620240000000004,0.6225006820000001,0.377499318,0.0,1
196,성산2동,1.0,946871.5278,1952267.0559999999,-0.17209458100000002,-1.11529624,-1.037095382,-0.8030108770000001,-0.767972054,-0.8749652929999999,-1.11705472,-1.147785702,-1.051473796,9232.653056000001,-1.074783709,0.6242710370000001,0.37572896299999997,0.0,1
107,명일1동,1.0,968633.3333,1950029.0,-0.8158355159999999,1.165543607,1.763365991,0.211786019,0.401055627,0.983359483,1.730265889,1.9342327730000002,1.2161056909999999,22958.85367,-0.128030491,0.7112575320000001,0.28874246800000003,0.0,1
