dong,starbucks,X,Y,subway,pop0,pop10,pop20,pop30,pop40,pop50,pop60,pop70,poptotal,landprice
가락1동,1,965545.7627,1943982.898,417.0362371,255.5917288,291.9733729,428.4721186,582.0839661,643.1260339,736.0434576,659.6205763,592.4819831,4189.393237,100.429
가락2동,1,967105.3571,1944185.607,236.751535,1379.994786,1784.496857,2144.004089,2402.122304,2487.333,2514.138161,2212.533911,2094.072893,17018.696,100.429
가락본동,1,966426.1364,1944247.295,304.7517226,1278.409,1516.543977,2135.1965,2571.004409,2580.472091,2637.742182,2210.009966,2017.876864,16947.25499,100.429
가리봉동,0,946320,1942379,782.2058233,674.7268,763.5422,2864.9142,3119.5548,2365.247,1938.6398,1463.254,1364.1134,14553.9922,100.321
가산동,1,945631.8182,1942144.455,314.7549689,430.4873636,620.3484545,4469.621,5136.177818,3771.415182,2456.717727,1394.793182,1013.231545,19292.79227,100.355
가양1동,1,941331.5126,1952187.655,297.9204104,516.3463361,587.7103613,957.2123697,1135.981395,1076.294,1116.685059,936.8494034,923.9678151,7251.046739,100.353
가양2동,0,942783.871,1952055.452,425.4227157,1084.213871,1160.113484,1986.47771,2478.560742,1930.318387,2400.033065,2316.719871,2632.894645,15989.33177,100.353
가양3동,1,943450,1951520.429,300.2216188,1162.030429,983.7061429,2153.495143,2744.329714,2054.920714,2135.738143,1914.572714,2103.891571,15252.68457,100.353
가회동,1,954725,1953249,85.06357655,645.008,1000.0445,2614.1255,3707.8925,2753.188,2007.8965,1545.4715,1927.293,16200.9195,100.383
갈현1동,1,948807.1429,1958220.429,331.3351094,1687.006,2730.881857,4080.548857,3397.158,3362.728286,3589.837429,3486.928429,3924.604714,26259.69357,100.346
갈현2동,0,948124.0741,1957397.148,552.4905126,1643.123963,2365.88863,2313.245444,2558.252926,2603.874148,2596.380963,2452.504407,2695.268074,19228.53856,100.346
강일동,1,971264.0411,1951238.726,987.6259833,904.869589,1160.874233,1174.254034,1564.441466,1605.662404,1474.87939,1331.908226,1258.241527,10475.13087,100.2935
개봉1동,0,942843.1818,1944494.455,505.6311845,967.0341364,1094.598318,1393.224727,1528.663864,1541.981364,1608.897136,1638.650682,1434.343273,11207.3935,100.311
개봉2동,0,943418.1818,1943930.818,256.3885548,2096.224727,1824.270818,2384.261818,2911.465273,2671.312545,2702.888091,3073.844818,2486.361,20150.62909,100.311
개봉3동,0,943100,1943249,774.7439185,1247.354,1195.429,1306.622,1594.647,1750.320333,1848.879667,1729.989,1697.980333,12371.22133,100.311
개포1동,0,960846.3415,1942335.585,856.6676583,296.5869512,461.4367317,731.821122,897.0530976,915.443122,1082.147512,1019.055902,823.1375854,6226.682024,100.493
개포2동,0,961912.2449,1942994.918,463.0271133,473.4400918,1033.534684,1119.244653,1267.68499,1464.117112,1565.852663,1455.531816,1153.60049,9533.0065,100.4315
개포4동,1,960328.2609,1941864.217,1068.735517,554.696913,748.5092826,1064.893478,1368.57613,1288.341457,1173.485565,1109.738891,849.7339348,8157.975652,100.493
거여1동,0,968400,1943962.889,241.3836202,1221.343333,1825.062333,1711.406889,1994.206389,2256.793889,2343.262556,2233.509667,2207.283111,15792.86817,100.655
거여2동,0,968575,1943706.5,222.8541172,1492.99005,2004.71375,1830.50095,2480.2994,2618.3009,2540.7175,2416.79615,2387.5265,17771.8452,100.655
고덕1동,0,969145.7317,1950977.659,432.7582956,1235.663646,1574.961012,1235.227451,1547.211805,1742.499366,1621.313244,1508.461671,1377.167512,11842.50571,100.242
고덕2동,0,970229.8701,1951083.416,365.4209945,461.9557013,909.1732078,790.2998052,819.1764026,998.4033896,1036.310753,964.1673766,921.8472727,6901.333909,100.242
고척1동,0,943667.1053,1944514.789,400.2989237,1293.371789,1842.770184,2078.143711,2015.710474,2098.500605,1939.235158,1779.560342,1388.986158,14436.27842,100.311
고척2동,0,943450,1945374,865.7362493,1352.90525,1601.53,1594.3955,1931.83025,2140.33575,2060.942,1968.97175,1628.35475,14279.26525,100.311
공덕동,1,951931.25,1949910.719,244.2604703,1781.113656,1738.555734,2856.299328,3469.337406,3143.382969,2846.331266,2528.703891,2618.050016,20981.77427,100.27025
공릉1동,1,962356.875,1958290.875,236.3873353,1532.51135,1880.989113,2859.537687,2783.92485,2739.545338,2907.73625,2775.766737,2505.8061,19985.81743,100.332
공릉2동,0,963958.6957,1958842.913,1103.105743,525.4218957,928.8548261,1129.854565,813.0408,945.1724087,855.9482783,732.1155913,706.0615652,6636.46993,100.332
공항동,0,939391.1565,1951273.83,431.5803632,806.2198231,567.3551565,970.8106122,1047.003537,949.2323946,938.5323265,806.469517,732.3790136,6818.002381,100.2515
광장동,1,964911.3861,1949598.01,423.3365768,1239.317129,2065.486663,1862.83597,2038.717149,2900.84899,2331.771673,1838.003723,2054.867594,16331.84889,100.126
광희동,1,956038.4615,1951800.099,169.4672846,583.584967,1023.417868,2794.017626,2921.501604,2742.167703,2627.639989,2066.355593,2103.114824,16861.80018,100.4622
교남동,1,952650,1952352.448,310.7255957,927.1983103,1056.915828,1569.740241,1751.473207,1870.045207,1643.311207,1399.499862,1780.946517,11999.13038,100.473
구로1동,0,944525,1944199,160.8307184,2374.106,2509.4235,2655.317,3593.9405,3241.873,3033.7075,2608.2475,2287.793,22304.408,100.321
구로2동,0,945187.2093,1944483.884,536.0368239,648.654814,931.0576512,1753.582186,1926.228744,1913.745442,1887.756465,1602.235186,1318.795953,11982.05644,100.321
구로3동,1,946617.7778,1942981.222,301.0843126,1032.560489,1194.109622,5056.410444,5607.2446,3874.277333,3002.716533,2526.580556,2268.394267,24562.29384,100.321
구로4동,0,946182.6923,1943927.846,308.8738842,1434.714,1416.795,2707.989346,3167.715269,2605.018385,2366.7005,2285.713231,2271.260462,18255.90619,100.321
구로5동,1,946044.3396,1944890.509,445.6269568,1929.961642,1818.310425,4333.180934,4510.060009,3433.459358,3195.027321,2803.54216,2613.147632,24636.68948,100.321
구산동,0,948313.6364,1956753.545,333.9140033,1717.678636,2270.745091,1866.313909,2123.964455,2305.974909,2161.475909,2001.316545,2215.562273,16663.03173,100.358
구의1동,1,963200,1948749,144.6641588,1648.94,2166.523333,4172.096667,3797.564,3445.429,3411.552,3000.92,3380.560667,25023.58567,100.46
구의2동,1,963747.7778,1949897.889,470.4040078,1590.625889,1922.022467,1824.477511,2135.537444,2134.9278,2097.034844,1959.496289,1903.895889,15568.01813,100.46
구의3동,1,964204.4118,1948628.412,215.05518,1596.350882,2507.840853,4824.957676,3921.407235,3903.033,3948.630912,3404.026382,3237.2965,27343.54344,100.46
군자동,1,962242.3913,1950375.087,396.2702551,1022.732891,1414.742761,2936.401261,2073.113152,1726.782913,1794.76363,1631.859804,1578.538565,14178.93498,100.243
금호1가동,0,958118.1818,1950394.455,528.6547049,1341.252818,1407.385909,1405.097455,2221.227636,2122.526273,1776.493636,1772.551727,1918.953364,13965.48882,100.337
금호2.3가동,0,957635,1950094,385.2608375,1516.7818,1198.4463,1597.4488,2217.608,2061.3128,2004.738,2001.3672,2291.0296,14888.7325,100.337
금호4가동,1,957692,1949873,453.2306421,1858.98368,1432.2154,2089.25504,2701.00784,2549.97316,2426.06652,2400.77332,2709.61752,18167.89248,100.337
길동,1,968644.2623,1948697.361,617.4257271,1196.312967,1315.771295,1985.989656,2261.277443,2144.764377,2298.691787,2135.691607,1856.704967,15195.2041,100.502
길음1동,0,957816.6667,1956434.185,398.718466,2404.311704,2748.293074,2525.175593,3175.939741,3509.750926,2991.408815,3078.88563,3056.916,23490.68148,100.482
길음2동,1,958442.8571,1956379.357,367.395391,1130.885786,1477.245321,1775.485786,2135.901679,2226.214643,2159.176536,1992.072143,1953.430857,14850.41275,100.4475
낙성대동,1,952045.4545,1941800.515,546.9599903,801.4727576,1194.898939,3124.763424,2062.656121,1540.603818,1476.607091,1426.600455,1429.273273,13056.87588,100.36
남가좌1동,1,948481.5789,1952512.158,287.717097,1261.557895,993.6704211,1138.235579,1377.125,1450.015842,1305.250421,1314.550632,1521.087316,10361.49311,100.439
남가좌2동,1,949034.7826,1953031.609,996.7058545,1008.309435,1252.439696,1617.133522,1614.035261,1783.967522,1694.078261,1710.441,1981.482652,12661.88735,100.439
남영동,1,953398.6842,1949656.237,234.0628787,750.8654474,1236.490921,3131.485158,3257.013,2808.242987,2326.777039,1952.403645,2153.166868,17616.44507,100.351
남현동,1,953987.5,1941680.25,489.6939372,1299.081125,1212.483375,2946.92425,2596.23675,2015.466125,2232.037,2159.995625,1947.51325,16409.7375,100.277
내곡동,1,960972.8,1940056.6,1159.514174,311.462288,211.321056,531.339432,793.341128,737.643696,666.398328,494.574672,415.916336,4161.996936,100.367
노량진1동,1,951336.25,1946142.75,224.9236561,616.22975,1436.737275,6133.82975,2779.542575,1691.359175,1604.55395,1424.162825,1505.042075,17191.45738,100.392
노량진2동,0,950425.6757,1945801.703,235.2195264,926.2662432,1704.384297,4533.325865,2930.931541,2319.686622,2387.624432,2276.217081,2476.933189,19555.36927,100.379
녹번동,0,949721.1111,1956124.556,275.7169761,1072.827189,1233.643778,1385.473344,1646.521322,1724.712656,1780.885967,1711.847656,1854.265822,12410.17773,100.384
논현1동,1,958032.1429,1945860.31,195.6351902,735.573369,1221.857238,4945.425179,4741.946845,3195.691536,2378.642893,2243.292381,2076.76869,21539.19813,100.521
논현2동,1,958870,1946183.348,262.2747445,682.1455043,830.8184435,3186.6308,3575.2726,2512.290157,1845.207635,1792.876026,1661.117957,16086.35912,100.521
능동,0,962733.8235,1950037.235,328.2237186,844.7180294,1151.298882,2393.951882,1537.378824,1169.497559,1090.972176,979.545,975.4563235,10142.81868,100.21
다산동,1,956669.2308,1950729.769,166.7356951,1235.967654,1481.864115,2353.524115,2598.702269,2412.663731,2267.507346,2267.480769,2749.879154,17367.58915,100.463
답십리1동,1,960332.5581,1952406.558,295.0540188,931.2299535,966.512407,1602.343535,1728.67714,1663.411,1691.544849,1600.291442,1668.199651,11852.20998,100.681
답십리2동,0,960994.7368,1952093.737,594.4969186,732.2102632,882.6313158,1324.300947,1471.590632,1564.319211,1616.587737,1520.909263,1516.309316,10628.85868,100.681
당산1동,0,946609.8485,1947242.182,227.5301074,1268.497667,1097.547379,2278.30247,2722.055818,2514.703561,2421.586439,2163.970348,2126.102288,16592.76597,100.413
당산2동,1,947028.5714,1948107.333,225.3069588,2054.11175,2052.933702,4944.94994,4749.310036,3797.129226,3599.783762,3348.544167,3546.530583,28093.29317,100.281
대림1동,0,947600,1943891.857,531.3298249,1110.511071,1324.385214,2152.752786,2076.212071,2110.998571,2243.965714,2204.871857,2026.047929,15249.74521,100.507
대림2동,0,947090,1943499,139.5324292,852.4215,1118.9641,3076.0102,3082.6774,2540.3731,2544.4504,2425.7789,2182.4344,17823.11,100.507
대림3동,0,946753.5088,1944610.404,533.673884,1241.184737,1263.069526,1873.909456,2066.328491,2064.774982,2085.701965,1950.841719,1803.164982,14348.97586,100.507
대방동,0,949279.4643,1945565.964,292.9881797,1068.705411,1697.169804,2667.228018,2455.144089,2442.728911,2189.657714,2011.200589,2163.385804,16695.22034,100.403
대조동,1,948986.9565,1956996.826,197.013995,1494.377326,1927.269109,2776.063065,2806.33013,2738.924652,2839.259413,2691.848913,3120.237717,20394.31033,100.375
대치1동,1,960963.0952,1943925.19,152.0459022,1418.9405,4055.252952,2321.72231,2502.588976,4030.946262,2988.122333,2524.247143,2444.136786,22285.95726,100.425
대치2동,1,961550.9852,1944615.749,337.7272603,844.9802512,2477.59101,2860.247571,3374.000389,3378.392837,2571.771754,2226.073034,1839.052335,19572.10918,100.425
대치4동,1,960563.2353,1944663.706,279.8238343,1379.127235,3765.127059,3770.320794,4534.056059,4943.933118,3369.330324,2785.377206,2538.931176,27086.20297,100.425
대학동,0,951100,1940756.143,1823.580631,239.2534571,507.2986286,1777.623371,843.9610571,547.2621429,558.8183429,477.8852,417.1708,5369.273,100.428
대흥동,1,950636.8421,1950385.842,198.3792124,1162.150825,2332.683474,4999.663404,2747.009263,2493.294053,2319.82707,2072.551544,2447.632579,20574.81221,100.2766667
도곡1동,1,959262.2807,1943284.965,356.1615429,985.6760351,1467.165386,2952.704895,3556.675667,3099.257772,2577.808263,2465.667702,2332.992895,19437.94861,100.334
도곡2동,1,960172.8916,1943257.434,344.2978488,1456.074241,2409.11147,2819.155277,3554.659277,3973.913313,3311.113843,3241.018386,3217.257386,23982.30319,100.334
도림동,0,947118.1818,1945755.818,591.0470457,1444.617,1319.457273,1944.799773,2141.665318,1999.059,2065.0835,2057.425864,2042.840455,15014.94818,100.319
도봉1동,0,959708.3333,1964649,309.205119,707.076125,768.11125,1093.6555,1150.974583,1207.245583,1465.116708,1569.409667,1633.133375,9594.722792,100.311
도봉2동,0,959892.5926,1964458.259,229.0957203,991.0158519,1065.462185,1529.961111,1619.81163,1663.575296,1887.108815,1997.05837,2024.895111,12778.88837,100.311
도화동,1,951290,1949152.333,102.2976151,1432.825867,1474.241533,3152.532933,4071.508667,3589.7782,3082.353333,2659.6022,2862.038867,22324.8816,100.28
독산1동,1,946085.2941,1940340.176,604.3313155,1070.943706,842.3855294,1112.269647,1294.550412,1378.555588,1360.329941,1233.402971,1179.752147,9472.189941,100.346
독산2동,0,946800,1940629,745.6831812,710.0772667,778.1014667,1202.361133,1397.387933,1390.796467,1507.422033,1394.078367,1138.518333,9518.743,100.346
독산3동,1,946971.875,1941961.5,940.4256302,724.759625,760.3094062,1452.506063,1668.888969,1542.636281,1700.002312,1557.448688,1218.602906,10625.15425,100.346
독산4동,0,946865,1941257.333,918.5013727,766.1839667,776.4507333,1488.747767,1693.2357,1701.963433,1773.1219,1486.1764,1144.198567,10830.07847,100.346
돈암1동,1,957966.6667,1955932.333,122.1794196,2127.126167,2767.007,2940.339833,3260.757667,3567.514333,3502.879667,3528.723333,3599.863333,25294.21133,100.404
돈암2동,0,957075,1955724,314.3332698,1576.56775,1912.672,1949.94725,2272.31325,2479.9425,2380.30525,2248.97975,2435.03975,17255.7675,100.404
동선동,1,957273.0769,1954918.231,162.5008681,1489.012538,2863.136846,4316.261154,2652.502077,2629.042923,2403.887769,2093.788308,2280.253462,20727.88508,100.373625
동화동,0,957163.6364,1951512.636,149.6288295,913.4363636,1130.236636,1926.825455,1937.667818,2040.765636,2067.171273,1835.184636,2079.771364,13931.05918,100.463
둔촌1동,0,968008.6957,1946982.696,261.1108149,331.0846739,680.3270435,556.0177391,534.4623696,648.4729783,719.955913,657.0395,569.4191304,4696.779348,100.432
둔촌2동,0,968491.25,1948236.5,541.4222653,1326.72545,1607.260175,2008.350575,2250.136825,2146.717275,2408.65685,2288.543725,2037.436825,16073.8277,100.432
등촌1동,0,943087.037,1950936.037,433.3222836,1114.195,1212.925444,2223.86763,2457.48963,2040.000741,2001.717074,1811.525037,2093.419333,14955.13989,100.345
등촌2동,0,943730,1949319,905.5866044,1180.1236,1879.6104,1885.2192,2200.3336,2132.941,2213.1206,2076.5968,1868.9386,15436.8838,100.345
등촌3동,1,942061.8421,1951447.684,406.1475145,1101.937553,1721.494632,2697.944263,2879.365632,2587.008447,2623.237763,2134.660974,2365.356895,18111.00616,100.345
마장동,0,959314.3939,1952085.364,335.3546446,1064.779106,1427.489439,2656.433,2204.226955,2135.632106,2175.541515,1965.999864,2142.755682,15772.85767,100.265
마천1동,0,969652.5,1944019,414.5600695,641.9659,787.7584,785.8615,872.88675,959.128,1055.26235,1092.78955,991.30165,7186.9541,100.672
마천2동,0,969119.5122,1944658.756,691.0565087,599.4345366,770.4732195,837.2374878,905.7126341,1035.706439,1149.265902,1112.299488,1102.383732,7512.513439,100.672
망우3동,0,964367.7419,1954855.452,727.3162079,1030.585935,1545.988903,1720.449129,1651.639161,1707.962452,2007.887097,1797.846419,1832.726032,13295.08513,100.38
망우본동,0,964829.6512,1955627.488,546.8966145,946.9254302,1173.425919,1460.406977,1562.201791,1543.291395,1887.736093,1708.284442,1731.015337,12013.28738,100.38
망원1동,0,947412.5,1950761.5,551.368435,1400.60825,1422.3,2097.14675,2444.6875,2065.024,1884.28425,1874.79075,1857.259,15046.1005,100.281
망원2동,0,947194.7368,1951006.895,641.3725324,1258.984053,1438.297895,1995.338,2424.009474,2159.198579,1945.036632,1845.655263,1921.002368,14987.52226,100.281
면목2동,0,962975.9259,1954465.667,569.6440459,914.092037,1007.603333,1318.183074,1453.565259,1469.206519,1619.674741,1508.618926,1641.200333,10932.14422,100.294
면목3.8동,0,963967.1053,1953999,453.905234,1330.897237,1758.720553,2077.517105,1931.330395,1972.144553,2150.257053,1964.670211,2034.664605,15220.20171,100.294
면목4동,0,963179.4118,1952799,402.344314,1232.350471,1263.495471,1485.252529,1771.368882,1713.340706,1851.247647,1843.480294,1619.275471,12779.81147,100.294
면목5동,0,962950,1953692.333,698.004523,526.0337333,582.8028667,744.3871,888.1457667,910.9278,976.7541333,921.3905333,881.7517,6432.193633,100.294
면목7동,1,963443.3333,1953329,363.7099148,1142.578067,1285.111933,1763.392933,1890.344933,1888.628067,2091.862733,2005.783,1873.5334,13941.23507,100.294
면목본동,0,963671.1538,1954506.692,220.5791259,1271.896538,1640.104346,2377.481923,2482.228385,2404.920962,2670.672231,2409.726462,2470.581885,17727.61273,100.294
명동,1,954408.7121,1951742.182,183.8308772,1010.103098,1232.59722,6706.390992,8009.827583,6134.531439,4205.227576,3080.802008,3298.133008,33677.61292,100.4252609
명일1동,1,968633.3333,1950029,179.1693034,1670.373667,2649.067467,2707.0586,2892.089533,3204.295267,3527.537,3366.7058,2941.726333,22958.85367,100.371
명일2동,1,969279.5918,1950168.388,452.2307427,1207.294327,2729.086204,2112.204224,2115.271939,2577.254327,2615.751796,2547.995286,2319.73102,18224.58912,100.371
목1동,1,944769.2,1947779.8,333.7564403,1498.726768,2925.143792,3391.13004,3526.474872,4163.413104,3344.64288,2530.570368,2350.437488,23730.53931,100.336
목2동,0,945133.3333,1949645.667,257.2178197,671.8467333,975.3849333,1277.196267,1423.594267,1470.2506,1378.118933,1238.618867,1080.3506,9515.3612,100.336
목3동,1,943742.8571,1949627.571,682.5454948,1470.788571,1765.083571,2022.711286,2349.000857,2269.193929,2384.714429,2250.138714,2014.782857,16526.41421,100.336
목4동,0,943980.5556,1948429.556,801.649462,909.7973333,1559.2525,1452.345889,1612.788389,1887.702167,1707.648667,1536.972889,1407.377778,12073.88561,100.336
목5동,1,945150.4425,1948683.956,746.145762,887.7199027,1862.572168,1403.660858,1535.741743,2174.825735,1748.660867,1464.935982,1492.181239,12570.2985,100.336
무악동,0,952018.75,1953070.875,192.819953,885.9935,1147.516938,1010.339813,1152.796438,1411.189688,1369.078688,1417.061563,1790.734312,10184.71094,100.45
묵1동,1,962929.1667,1957252.125,187.3943646,1170.1215,1313.337958,1810.906833,2020.437875,1945.075375,2049.770083,1954.183,1984.055708,14247.88833,100.37
묵2동,0,962627.7778,1956815.667,230.6914817,1302.342111,1386.300444,1901.593778,2179.962667,2065.871333,2241.045778,2186.625111,2127.586444,15391.32767,100.37
문래동,1,946507.2626,1946431.402,347.8613695,1152.868436,1160.163151,2408.179196,2719.67705,2354.222765,2126.066525,1989.30452,2082.30267,15992.78431,100.3273333
문정1동,1,966917.5,1943254.833,418.1836221,1201.437883,1474.988983,1838.918333,2115.888783,1965.610867,2106.720617,1913.970383,1578.0273,14195.56315,100.443
문정2동,1,966299.7382,1942608.162,449.6143932,508.8702356,619.0256702,1431.712194,1979.013801,1828.687733,1508.488126,1084.611921,943.8066911,9904.216372,100.394
미성동,0,948333.3333,1942654.556,686.5573443,776.6302222,984.5451111,1676.175778,1571.429556,1435.403333,1582.502556,1521.374,1296.765667,10844.82622,100.428
미아동,1,958084.6154,1958935.538,244.8389383,1022.939923,1609.036846,2433.457385,2159.728423,2335.077731,2742.466692,2584.016962,2770.857808,17657.58177,100.357
반포1동,1,957068.3908,1945113.943,239.907411,1444.593851,1793.501851,2563.395609,2772.016402,2784.473874,2155.329897,2081.254264,2020.526034,17615.09178,100.326
반포2동,0,955637.1795,1945010.538,161.7369548,1677.146487,2470.328103,2506.479308,2856.472051,3560.276128,2892.114051,2804.00359,2973.423282,21740.243,100.326
반포3동,1,956339.3617,1945661.766,259.8591574,1831.459936,2830.386532,4052.879277,4335.627298,4894.230468,4222.368319,3831.742447,3690.345936,29689.04021,100.388
반포4동,1,956303.3333,1944853,279.395127,1348.811,2151.859987,5363.35632,5136.235467,4456.172333,3978.362053,3439.912573,3364.291813,29239.00155,100.326
반포본동,0,954675,1944824,37.50555994,631.5775,1685.85225,1350.50125,1444.6095,2448.166,1737.53325,1653.5615,1891.6075,12843.40875,100.326
발산1동,1,940266.5254,1950510.864,831.6695626,702.2422119,806.1589746,772.9849322,923.4877034,1058.283017,917.8109831,794.0374322,672.1020169,6647.107271,100.3076667
방배1동,1,955850,1942649,246.3157134,855.6483333,1729.191333,2148.392667,2233.072667,2073.135,1742.076333,1732.716,1786.059333,14300.29167,100.453
방배2동,1,954352.1739,1941468.565,453.0283568,597.1227391,623.9932609,1700.696,1423.777435,1168.141087,1260.423391,1136.600348,1021.452522,8932.206783,100.453
방배3동,1,955645.8333,1941897.611,766.3578065,524.9838056,886.2509722,1067.550139,1154.336139,1189.613361,1358.499944,1421.816167,1367.321694,8970.372222,100.453
방이1동,1,966625.9259,1945513.815,417.0627851,1317.992333,1625.53663,1469.907185,1514.405593,1730.046296,1803.988074,1685.993296,1538.316259,12686.18567,100.533
방이2동,1,965715.7143,1946031.143,203.0071946,1695.330429,2098.076943,5113.713229,4923.138286,3675.805443,3434.556229,3056.181757,2857.158543,26853.96086,100.533
방학1동,0,959658.4746,1962879.508,417.972384,1083.346559,1369.378729,1595.112034,1734.822898,1976.436102,2197.087475,2015.488542,2008.081441,13979.75378,100.276
방학2동,0,958708.3333,1962640.667,1204.87617,1235.384333,1600.175333,1703.529167,1729.268333,1948.123,2312.018,2293.3725,2418.430333,15240.301,100.276
방학3동,0,958346.1538,1962568.231,1226.036654,1111.291077,1456.255231,1512.648,1536.633538,1817.826769,2103.681,2068.706923,2231.709,13838.75154,100.276
방화1동,1,939878.3333,1952064.556,252.4435322,418.8679,362.5428333,470.8203333,622.8390444,567.4144111,570.2047889,530.9713667,473.0334222,4016.6941,100.35
방화2동,0,938573.8806,1952207.209,288.5288503,678.7958806,782.1681045,1550.57,1653.584134,1394.633478,1363.458866,1206.236672,1082.577836,9712.02497,100.2505
방화3동,0,939484.6154,1953333.615,362.6906719,1101.994865,1146.299538,1510.116308,2135.477288,1838.615481,1908.296904,1882.351962,1833.140712,13356.29306,100.347
번1동,1,958518,1959879,440.3100614,1031.70604,1489.17184,2788.38796,2303.28308,2349.82908,2482.22064,2397.00744,2560.76684,17402.37292,100.315
번2동,0,959195.4545,1959199,1105.931781,869.3819091,987.8882727,1007.121455,1098.961,1306.842909,1299.16,1359.313364,1441.966727,9370.635636,100.315
번3동,0,959290,1958649,1061.948979,1353.2783,1626.3374,1749.2423,1888.1351,2072.0377,2173.7822,2108.2928,2111.2126,15082.3184,100.315
보광동,0,956150,1947599,483.5186002,631.083,697.377,1271.491,1487.773,1376.122,1366.778,1265.487,1350.68,9446.791,100.399
보라매동,1,949386.3636,1943710.364,685.3161988,1567.345727,1588.013591,3256.175318,3625.732682,2971.692955,2620.836091,2741.487727,2957.7605,21329.04459,100.36
보문동,0,957623.3333,1953839,241.5373426,1381.692733,1521.723756,2370.743867,2050.742844,2052.779889,2205.652244,1969.734733,2326.715244,15879.78531,100.354
부암동,0,952330.5556,1955785.111,1877.076572,269.4436111,580.581,689.976,544.4402778,652.3313889,660.8267222,610.2467778,725.3826667,4733.228444,100.487
북가좌1동,0,947692.8571,1952963.286,506.4463725,1625.7475,1940.014286,1872.911607,2173.2845,2427.955464,2203.051929,2236.259214,2487.7895,16967.014,100.376
북가좌2동,1,948150,1953731.5,416.0976626,1539.81505,1889.04205,2000.5835,2249.803,2470.03455,2430.952,2365.8985,2576.1112,17522.23985,100.376
북아현동,1,951879.5455,1951039.909,212.3392188,1316.507091,1195.859136,1605.360227,1604.3675,1607.885955,1663.276455,1476.368545,1679.470409,12149.09532,100.384
불광1동,0,949462.9032,1957294.161,212.1636564,1624.007355,1997.611968,3005.219806,3133.043419,3192.317968,3386.790097,3214.888258,3635.940129,23189.819,100.434
불광2동,1,949080.8824,1958366.647,527.1997437,1270.442412,1764.961235,2185.234529,2153.378353,2220.770941,2380.511412,2333.933206,2525.430265,16834.66235,100.434
사근동,1,959644.4444,1951123.074,214.9093826,834.089037,1860.112852,4096.261222,1808.121111,1538.822704,1429.756593,1257.447407,1226.592556,14051.20348,100.308
사당1동,1,953487.5,1942015.667,575.609887,1899.847833,1543.532083,2710.728,2862.64225,2188.0525,2454.77025,2564.769417,2388.516917,18612.85925,100.439
사당2동,0,953575,1945164,98.32220285,118.3358,101.7244,205.0164,216.484,197.5745,181.2073,178.2265,183.1454,1381.7143,100.3065
사당3동,1,953213.0435,1943027.261,268.6415712,1646.682217,1397.339174,2205.200348,2571.949652,2087.136435,2012.295652,2196.394652,2305.22287,16422.221,100.439
사당4동,0,953450,1942799,166.865204,2373.653,1937.846,3431.663,4079.041,3172.568,3041.436,3410.781,3504.45,24951.438,100.439
사직동,1,953356.338,1952844.775,249.7775821,931.5065634,1140.452718,3567.93131,4512.732056,4049.407789,2818.430324,2030.938732,2224.761662,21276.16115,100.3959167
삼각산동,1,957678.5714,1957399,620.0319681,1948.269857,2160.644571,1649.194571,2552.895857,2915.160857,2141.577857,2181.667857,2197.004143,17746.41557,100.357
삼선동,1,957078,1954535,265.5159695,1372.0428,2308.41148,3754.24956,2809.36,2831.56852,2753.09864,2391.59948,2689.03404,20909.36452,100.4097778
삼성1동,1,961019.7531,1946074.926,214.3069039,787.4024506,1471.306963,5212.648475,5908.088228,4201.38408,2603.558265,2050.125556,1731.680568,23966.19459,100.513
삼성2동,1,959997.7778,1945804.556,200.1568054,908.5232333,1487.025711,3842.238567,4852.638822,3758.1066,2698.233556,2494.698667,2302.133344,22343.5985,100.513
삼성동,0,949550,1940432.333,2459.455945,520.7076667,800.6813333,923.5763333,1024.327,1171.251667,1321.288667,1266.624,1258.25,8286.706667,100.428
삼전동,1,963871.9512,1944939.244,235.9982596,1461.578512,1582.799415,2151.163707,2784.760683,2186.094951,2164.395927,2140.434024,1994.831732,16466.05895,100.433
삼청동,1,954126.3158,1953425.316,501.4209321,581.6811053,804.1845263,2111.576895,2497.043526,2150.328053,1514.098421,987.2747895,1127.309842,11773.49716,100.4058571
상계10동,1,961192.5532,1962410.702,283.9740098,1770.080383,2941.106511,3453.874532,2989.906085,3022.880511,3097.667702,2529.129851,2460.590574,22265.23615,100.43
상계1동,0,960850,1964310.29,330.6391434,1151.973355,1485.785145,1802.430484,2071.808677,2169.105806,2431.064613,2221.994081,2171.997435,15506.1596,100.43
상계2동,1,961559.6774,1961892.548,170.2085053,2083.321097,4471.868742,7088.866258,4722.854194,4789.784065,4820.813935,3746.473161,3754.821161,35478.80261,100.43
상계3.4동,0,962755,1963154,203.1872113,1069.9907,1571.75,1701.8772,1727.9274,2086.4436,2258.712,2286.1391,2499.3643,15202.2043,100.43
상계5동,0,962112.5,1962461.5,243.2122388,1588.29625,2625.862625,2878.975,2731.600875,3296.4705,3555.400125,3287.944625,3544.5205,23509.0705,100.43
상계6.7동,1,961263.4146,1961466.073,221.8980845,2287.893439,3583.350146,4999.374634,4349.111341,4589.825805,4418.922171,3718.063,3956.814537,31903.35507,100.43
상계8동,0,960850,1963449,414.7810258,1662.138,1630.534,1724.527,2905.676,2090.201,1908.866,1895.709,1709.477,15527.128,100.43
상계9동,0,960934.375,1963245.875,213.8049466,2070.323562,2280.056188,2272.5175,3632.210125,2897.015625,2541.436125,2485.77175,2521.828313,20701.15919,100.43
상도1동,1,951714.3836,1944435.301,249.1339791,1509.318425,2238.000863,4173.647753,2512.243425,2207.429452,2139.203562,2207.892425,2383.090836,19370.82674,100.441
상도2동,0,950496.4286,1945134.714,78.31139284,1802.308286,1612.975143,3377.794286,2972.949929,2552.764357,2720.367929,2702.587929,3036.276357,20778.02421,100.441
상도3동,1,949866.6667,1944804.556,272.9203187,1344.408556,1436.307556,2391.117889,2375.196556,2234.255889,2217.476778,2249.406333,2365.133778,16613.30333,100.441
상도4동,0,950000,1944830.25,342.1736226,1125.2485,1129.955625,1801.536375,1796.556875,1675.497625,1708.366625,1745.975375,1831.048,12814.185,100.441
상봉1동,1,963531.8182,1955355.818,187.7134005,1150.004955,1391.394091,2709.0585,2613.678682,2282.578682,2570.561909,2319.465,2343.519,17380.26082,100.271
상봉2동,1,963379.1667,1955083.167,289.8838239,1125.513633,1304.888167,2453.623333,2400.7767,2154.11345,2399.6056,2162.839367,2168.187417,16169.54767,100.271
상암동,1,945924.1197,1953347.063,840.8480265,699.3097324,932.7444789,1864.619194,2290.013768,1946.144923,1206.391264,958.843243,953.0497606,10851.11636,100.294
상일동,0,970454.6875,1950250.042,620.3875148,393.8828229,984.8663125,742.2804688,782.7446875,930.753,974.4053854,915.9723333,825.7324063,6550.637417,100.375
서강동,1,949588.1579,1950131.895,209.3901658,1297.828632,1618.142395,2891.680605,2235.324421,2026.277789,1757.448526,1603.826026,1870.021368,15300.54976,100.3278333
서교동,1,948849.5,1950811,171.3907407,1545.03895,4077.24164,9599.5179,4744.63495,3295.15333,2381.29295,2033.06877,2324.99965,30000.94814,100.392
서림동,0,950407.5,1941466.5,1276.441567,1211.20395,1587.11325,5268.5764,3048.1311,2175.42875,2085.29925,2046.74705,2074.87985,19497.3796,100.428
서빙고동,1,954571,1947001,357.8639623,605,745.85494,970.57652,1169.38246,1287.64278,1066.24124,1006.508,1393.94478,8245.15072,100.236
서원동,1,949691.1765,1942643.118,303.8078433,1733.799118,2186.023882,7726.097588,4843.929647,3186.719118,3212.387941,3049.809471,3160.698824,29099.46559,100.428
서초1동,1,957292.9825,1943250.754,200.510619,972.7739649,1780.309263,3731.139105,4059.464088,3638.489649,2895.738561,2732.637632,2800.223684,22610.77595,100.473
서초2동,1,958273.9437,1943513.085,370.6205726,1195.255296,2106.628634,6365.497296,6250.443437,4960.761042,3390.819648,2900.857183,2605.481493,29775.74403,100.473
서초3동,1,956664.5833,1943237.542,360.7889091,711.8294861,1368.911597,2651.975861,3164.646396,2991.044688,2395.678354,2014.160486,1944.775104,17243.02197,100.463
서초4동,1,957499.1228,1944391.105,269.0773278,1276.76193,2566.619702,7559.025877,5676.501474,4813.256246,3375.539491,2920.463561,2760.227123,30948.3954,100.473
석관동,0,961135.2941,1956831.353,252.9888854,987.4216667,1160.595118,1637.70002,1596.093078,1715.189706,1789.942941,1814.096804,1895.308922,12596.34825,100.407
석촌동,1,964581.7073,1944931.927,215.0529098,1334.345146,1545.808122,2481.508146,2977.263317,2298.36761,2254.508878,2207.276146,1974.585488,17073.66285,100.443
성내1동,1,966752.5424,1947674.424,400.8922221,1026.500763,1142.616492,1451.236136,1799.993254,1743.791949,1765.905492,1699.671966,1487.905949,12117.622,100.561
성내2동,1,966852.5,1948551.5,208.133108,1679.4738,2086.47775,4054.31775,3728.9178,3306.5602,3648.3038,3500.2049,3218.00375,25222.25975,100.561
성내3동,1,967666,1947511,443.8978161,971.19976,1458.0882,1779.59048,1868.2616,1860.21824,1989.15312,1873.79476,1652.96484,13453.271,100.561
성북동,1,956426.4706,1954696.059,295.4473706,866.7022353,1314.407588,1856.348,1597.715529,1607.818059,1537.219412,1409.209706,1658.232235,11847.65276,100.368
성산1동,0,948053.4884,1951478.07,390.459208,962.3483953,1220.435395,1619.581,1905.925907,1767.713698,1501.657465,1433.442349,1511.650721,11922.75493,100.28
성산2동,1,946871.5278,1952267.056,392.3494298,628.8820278,801.7500694,1245.298931,1493.851278,1429.423917,1254.339139,1160.838681,1218.269014,9232.653056,100.28
성수1가1동,1,959515.9091,1949464.909,289.1970134,415.1864091,425.4177727,797.9441818,907.3422727,862.3256364,825.3848182,661.3306364,650.9011364,5545.832864,100.702
성수1가2동,1,960058.8235,1950115.176,277.0188861,903.6689118,1075.721441,2601.385471,2719.026382,2219.683912,2007.223971,1642.629794,1490.14,14659.47988,100.702
성수2가1동,1,960668.1818,1948814.909,695.530086,1077.510545,1214.611409,2251.507773,2568.295,2305.944455,2209.159682,1777.633182,1631.953364,15036.61541,100.779
성수2가3동,1,960808.1633,1949604.102,253.2433797,864.5231633,878.1287959,2871.199061,2898.169041,2499.444469,2262.000163,1638.300918,1415.853735,15327.61935,100.779
성현동,0,951565.9091,1943299,625.572212,1474.016364,1718.895318,2315.234773,2642.482045,2486.447227,2222.7445,2345.405,2310.258227,17515.48345,100.36
세곡동,0,965072.9249,1941184.968,1545.659401,220.9209091,159.3229368,192.5092451,288.5476838,264.9577905,247.3932925,234.9720316,231.9319249,1840.555814,100.307
소공동,1,953639.2045,1951623.432,201.9587539,1053.05017,1002.058489,5357.02925,7138.424852,6030.827068,4398.414955,3258.236523,3449.320193,31687.3615,100.49025
송정동,0,961301.5152,1950189.909,596.4857073,693.965697,731.1587273,1656.481667,1775.838394,1602.482879,1512.802394,1238.199727,1127.068242,10337.99773,100.121
송중동,1,958594.2623,1957487.525,304.5056214,1301.735852,1810.156754,2602.782525,2433.322918,2526.836344,2648.842197,2426.117115,2675.408033,18425.20174,100.357
송천동,0,958150,1957790.071,487.3705622,1428.259143,1677.1255,1785.066321,1995.475214,2161.542679,2218.769286,2103.978714,2192.479214,15562.69607,100.357
송파1동,1,965379.0909,1945321.727,199.3954658,1450.584582,1500.347545,2442.917764,2807.761873,2293.763836,2374.935182,2299.584345,2067.903473,17237.7986,100.42
송파2동,0,966101.3158,1944710.842,400.6260002,1235.228263,1551.361368,1358.800079,1500.147053,1582.525789,1659.483974,1444.007158,1373.003026,11704.55671,100.42
수궁동,0,940670.6897,1943890.379,382.6349891,881.5096897,1031.913793,1413.973759,1489.067517,1383.318207,1387.051897,1364.958069,1411.488069,10363.281,100.255
수색동,0,946010,1954299,926.1550548,230.5564,354.45705,631.56365,641.5599,633.7928,603.6707,557.1893,555.07865,4207.86845,100.46
수서동,1,964551.2821,1943201.564,287.7875977,1400.381436,1312.873923,1923.624744,3016.203231,2523.604308,2442.463462,2608.155692,2454.861154,17682.16795,100.37
수유1동,0,957450,1959149,353.9326271,906.615,1172.289,1283.188,1337.687,1442.914,1552.285,1571.212,1666.882,10933.072,100.329
수유2동,0,957705,1960659,474.2951647,1477.2015,1677.927,2191.897,2241.8493,2443.8735,2730.8597,2650.4645,3131.1116,18545.1841,100.329
수유3동,1,958102.6316,1960183.211,281.5809985,1226.967342,1845.969342,3937.411789,2970.107974,2862.960816,3091.882842,2913.555842,3194.750474,22043.60642,100.329
숭인1동,0,957286.6667,1953069,178.5745017,987.9078,1395.342,2174.266,2296.564133,2462.1354,2665.1726,2566.3966,2734.8348,17282.61933,100.402
숭인2동,1,957650,1952725.087,252.3058726,1272.589826,1331.758913,2769.270217,3231.389043,3083.89213,3308.606609,3175.300391,3319.187435,21491.99457,100.402
시흥1동,1,946900.7813,1939316.188,774.6228614,851.0203437,974.8080781,1277.330406,1445.318562,1444.711984,1528.730922,1407.174766,1327.451469,10256.54653,100.342
시흥3동,0,947172.2222,1938159,753.2567836,654.4480222,795.3258222,1072.425622,1261.784244,1316.008489,1405.367844,1245.067733,981.0340667,8731.461844,100.342
시흥5동,0,947225,1938886.5,1229.029412,1272.14975,1411.36625,1378.66075,1694.725,1868.5125,1831.335,1707.11975,1437.429,12601.298,100.342
신길1동,0,948662,1946281,294.896418,1281.33608,1679.34932,3238.22316,2993.02356,2618.93188,2588.13492,2428.64564,2718.01964,19545.6642,100.507
신길3동,1,947590,1945469,702.6936424,1511.5184,1508.478,1585.1775,1756.7651,1928.4479,2090.6074,1983.5691,1990.2636,14354.827,100.507
신길4동,0,947940.9091,1945514.909,632.7651324,1083.760227,1249.767955,1401.661455,1516.662591,1663.133045,1828.839,1756.945955,1772.600636,12273.37086,100.507
신길5동,0,947603.8462,1944841.308,224.6194711,693.6813077,898.9714615,1019.161692,1157.456846,1200.048077,1331.510846,1294.924231,1217.296,8813.050462,100.507
신길6동,0,948071.2963,1944489.741,316.3815276,1381.091926,1488.533241,1693.075537,1852.976444,1951.898019,1946.161278,1856.740019,1753.529389,13924.00585,100.507
신길7동,0,948680,1945226.5,319.3313528,1162.51915,1443.89935,1924.1874,1881.9799,1948.2195,1900.80485,1659.72815,1787.7012,13709.0395,100.507
신내1동,1,965102.2727,1957309.795,503.3547717,449.9101477,480.7739773,559.292625,638.2607727,685.9891932,716.5612955,620.3683068,700.9880682,4852.144386,100.377
신내2동,0,964130,1956419,699.9603202,1821.1986,2056.0526,2312.9866,2521.9108,2525.3824,2993.7524,2550.7182,2739.6754,19521.677,100.377
신당5동,0,957950,1951715.667,337.8858706,801.1705,823.6795,1251.863333,1353.077333,1256.366833,1307.939167,1246.474,1271.238667,9311.809333,100.463
신당동,1,957062.3188,1952060.594,159.4559508,584.9628696,1076.699913,3288.748522,4071.864493,3232.200565,2898.692783,2366.631609,2190.520174,19710.32093,100.474
신대방1동,0,947616.0714,1943499,410.4457266,990.66925,1297.006857,2717.327464,2751.554071,2468.011607,2484.354536,2371.38525,2099.977179,17180.28621,100.403
신대방2동,1,949016,1943895,687.681944,1723.66644,1763.35328,3425.93864,4148.53284,3437.21448,2816.4046,3011.91428,3592.9442,23919.96876,100.403
신도림동,1,945662.8378,1945692.243,367.2477717,1903.428689,2059.966554,4178.243135,4555.074743,3472.233095,3180.10827,2995.835108,2595.14377,24940.03336,100.321
신림동,1,949467.2414,1943143.828,339.0248372,1583.078897,1941.071345,7445.088897,5106.447069,3367.371172,3199.129034,3290.864069,3353.086103,29286.13659,100.428
신사1동,0,948092.5,1955464,369.1970959,1534.348675,1816.34055,2319.319025,2732.265775,2523.2014,2436.557625,2222.517275,2494.108025,18078.65835,100.377
신사2동,0,948214.2857,1954720.429,119.8747312,1078.186143,1646.472143,2099.258,2249.567,2183.444143,2248.130286,2219.258857,2597.153286,16321.46986,100.377
신사동,1,955379.6296,1945932.333,403.698631,888.4208272,1532.614025,3875.481481,3466.848198,2655.538667,2066.020827,2022.281358,2153.848062,18661.05344,100.3805
신수동,0,950134.2105,1950024,212.7319891,1466.207105,1657.193184,2164.018868,2107.5085,2158.687816,1883.234421,1821.400605,2170.974684,15429.22518,100.293
신원동,0,949225,1942599,534.8647103,1112.2535,1520.783,3558.58825,2632.44175,1971.7795,1965.37875,1998.93375,2027.516,16787.6745,100.428
신월1동,0,941026.4151,1948240.509,1154.933757,953.3870566,1108.722698,1320.713925,1493.810113,1548.035189,1660.603642,1602.844925,1481.707774,11169.82532,100.296
신월2동,0,942264.2857,1946984.714,553.498305,1170.552086,1164.154486,1220.002714,1574.072429,1538.308029,1626.899086,1603.0922,1383.370771,11280.4518,100.296
신월3동,1,940410,1948889,1403.148095,577.9149,843.0327,800.6037,847.7136,939.9632,1020.6853,952.3004,883.5974,6865.8112,100.296
신월4동,0,941588.4615,1947249,1066.199078,1042.498077,1049.091308,1079.590538,1403.501769,1444.179308,1520.147923,1539.920154,1269.958846,10348.88792,100.296
신월5동,0,940761.9565,1948993.565,1010.341743,1193.191783,1369.075957,1414.067109,1595.928587,1636.425174,1764.548696,1619.717391,1491.430696,12084.38539,100.296
신월6동,0,941786.8421,1946622.684,1076.558564,994.2738421,1186.693737,1098.713737,1396.290947,1527.285842,1602.861211,1524.465895,1279.850895,10610.43611,100.296
신월7동,0,941233.3333,1946610.111,1598.185622,1029.761889,1125.678778,953.5964444,1267.702222,1505.506778,1305.108667,1269.471778,1138.514111,9595.340667,100.296
신정1동,0,943255.2632,1946691.105,386.6066456,980.0843684,1518.353947,1227.247053,1385.724789,1798.164053,1702.866526,1513.716789,1530.095368,11656.25289,100.3335
신정2동,0,944966.6667,1946861.5,514.8400152,677.2590833,1500.790917,1303.556,1270.76675,1680.283667,1577.562167,1388.50225,1297.617667,10696.3385,100.3335
신정3동,0,941136.2069,1946175.437,1862.760108,679.7117126,825.7851494,642.7713563,840.6844023,1045.440782,921.3385057,823.3917931,700.0024253,6479.126126,100.3335
신정4동,1,942921.4286,1947170.429,209.2476603,1076.434143,1323.208286,1535.470143,1700.850857,1823.639857,1870.495,1865.702286,1779.214571,12975.01514,100.3335
신정6동,1,944641.6667,1946224,584.1942022,629.0246667,1091.952833,776.8581667,852.8696667,1283.910167,1140.805,926.2813333,901.9565,7603.658333,100.3335
신정7동,0,943429.6875,1945913.063,652.1219827,995.9682812,1505.676938,1276.743469,1437.620656,1775.739969,1682.740375,1483.34675,1443.495875,11601.33231,100.3335
신촌동,1,950476.2295,1951264.984,274.1342665,931.1302213,2189.670139,7048.460754,2933.507877,2305.093,2101.77941,1685.229697,1899.776943,21094.64804,100.328
쌍문1동,0,957682.1429,1961281.143,536.0106704,988.6067857,1329.325714,1437.033714,1204.797571,1399.758214,1374.905714,1413.029143,1549.5805,10697.03736,100.3
쌍문2동,0,959280,1961919,618.5915263,1515.4954,1896.586867,1937.889067,2115.0692,2149.8356,2435.6912,2379.351667,2463.270533,16893.18953,100.3
쌍문3동,0,958476.087,1960981.609,513.379863,1325.809261,1661.851304,2049.185609,2150.480174,2181.525304,2247.684087,2203.780478,2344.088696,16164.40491,100.3
쌍문4동,0,958550,1961391.857,473.3314017,1461.421429,2137.304429,1631.591571,1739.042071,1871.999714,1888.629,1911.009429,2076.119143,14717.11679,100.3
아현동,1,951790,1950395.667,194.2231369,1588.9258,1298.7948,2069.674378,2635.773578,2403.639044,2148.518267,1795.120644,1929.689667,15870.13618,100.3083333
안암동,1,958390.2778,1954100.389,247.426149,723.0247222,1850.75825,3543.694111,1635.114028,1421.353778,1422.050417,1380.954222,1549.705861,13526.65539,100.3986
암사1동,0,967189.2857,1950263.286,168.5134612,1885.212286,1806.894071,2243.658857,3019.047929,2748.408,2736.343714,2625.564286,2429.4525,19494.58164,100.456
암사2동,0,967036.1111,1950507.333,419.7599229,1966.5765,1539.739333,1891.459667,2715.836389,2620.187,2535.831667,2223.414944,2148.480556,17641.52606,100.456
암사3동,1,967812.7273,1950842.636,752.4621837,1547.870673,1522.825436,1343.343364,1796.998436,1956.345836,1769.060418,1667.065109,1467.194636,13070.70391,100.456
압구정동,1,958809.7826,1947524.725,339.5524225,1038.191964,1423.798797,3407.392558,3585.335225,2730.605964,2047.843043,2003.250304,2270.802558,18507.22041,100.3646667
약수동,1,956677.5,1950321.5,62.92195317,1438.02175,1379.4149,2096.1955,2675.21675,2424.8284,2371.623,2456.66605,3008.99685,17850.9632,100.463
양재1동,1,958196.9697,1941075.894,1200.717707,514.7667121,485.0100682,1104.191136,1459.192295,1176.845591,925.2488636,897.2036742,823.4085833,7385.866924,100.457
양재2동,1,959440.2174,1940937.043,616.2366102,545.8149565,563.7699348,1306.222489,1830.934609,1607.358848,1357.431663,1075.245467,848.922087,9135.700054,100.457
양평1동,0,946005.7692,1947385.538,376.8997488,1377.477385,1076.783192,2078.969058,2778.511904,2366.715788,2053.946154,1889.002712,1933.597827,15555.00402,100.343
양평2동,1,946490.5405,1948961.162,324.4676697,806.1924324,886.7226757,1900.904297,2239.717662,1889.312311,1562.217865,1245.888297,1149.337608,11680.29315,100.3326
여의동,1,949131.7241,1947436.011,327.2229634,756.0190345,914.9842805,3046.559416,4387.4482,3420.762441,2154.869345,1681.111894,1940.485301,18302.23991,100.206
역삼1동,1,958840.9357,1944666.251,262.5244106,914.8803275,2168.305795,9059.812503,7856.065596,5366.977433,3659.980409,3103.443351,2725.634924,34855.10034,100.387
역삼2동,1,959679.7468,1944359.127,435.6771734,1136.23657,1859.643886,3501.57881,4467.282101,4138.28119,2795.334899,2496.89838,2380.105089,22775.36092,100.387
역촌동,0,948450.9804,1956204.882,393.5137525,1450.213941,1610.161686,1798.525961,2169.432353,2196.266137,2036.565431,1922.196,2020.252314,15203.61382,100.39
연남동,0,948911.1111,1951669.37,510.4098051,846.7808889,1116.937963,2418.545296,2214.655,1681.549148,1446.425407,1418.80837,1616.249148,12759.95122,100.294
연희동,1,949691.3793,1952280.034,973.936225,742.9268966,1028.709431,2384.676431,1802.059483,1600.853431,1523.961707,1444.118914,1631.162155,12158.46845,100.364
염리동,1,951096.875,1950030.25,241.5790357,1344.026812,1820.709,2361.364,2354.2985,2331.489625,2059.029563,1791.849188,2069.324438,16132.09113,100.336
염창동,1,944616.0714,1950125.786,179.0818743,1077.373179,1304.197143,2373.814714,2845.097357,2365.496321,2397.489429,2056.000393,1907.397607,16326.86614,100.345
영등포동,1,947538.7931,1947021.414,269.8859709,1500.894741,1703.227043,5577.987897,4413.970224,3420.768845,3380.017121,3034.849534,3140.698879,26172.41428,100.3892222
영등포본동,0,947734.2593,1946076.778,442.4397064,1503.99013,1514.87737,2162.284,2181.558593,2110.672648,2134.485815,2032.872407,2132.695722,15773.43669,100.413
오금동,1,967497.9839,1944982.468,354.8479182,922.9535968,1172.744831,1213.476282,1278.503177,1419.086024,1499.995685,1441.220419,1332.655839,10280.63585,100.431
오류1동,1,941851.9231,1944216.308,280.2381546,1503.9525,1502.243615,2217.817538,2383.157,2278.884462,2428.473269,2524.566154,2747.061538,17586.15608,100.255
오류2동,0,941404.8544,1943148.029,453.8242333,681.0018155,574.453932,631.5390777,755.5808641,747.7686019,695.3829806,670.493233,715.6738544,5471.894359,100.2543333
오륜동,0,966876.6839,1946447.446,403.5509469,740.8955699,1016.022549,1033.870741,1114.501544,1209.755565,1168.091041,1142.859984,1049.30456,8475.301554,100.533
옥수동,0,957041.6667,1949374,330.3025327,2236.769167,1629.1675,3338.959611,4169.549556,3380.328778,3008.391611,3082.811278,3700.295833,24546.27333,100.339
왕십리2동,0,957950,1951074,417.4564683,1246.5655,1399.927,1491.472,1984.5975,1972.9225,1934.448,1774.959,1770.568,13575.4595,100.322
왕십리도선동,1,958276.3158,1952047.246,328.7424832,1185.409825,1051.580228,1986.265439,2035.384579,1820.812298,1853.314439,1670.559474,1685.465491,13288.79177,100.337
용강동,1,950874.5763,1949225.271,272.695028,1575.674271,1450.501407,2643.059254,3771.436356,3526.110322,2901.523492,2433.856763,2581.591729,20883.75359,100.3
용답동,0,961327.2727,1951476.273,314.4669278,638.1864545,860.0387273,1801.328727,2126.825818,2205.039818,2330.146636,1938.021636,1844.576818,13744.16464,100.1245
용문동,0,952325,1948874,158.2631038,1300.97675,1274.93175,1509.70025,1763.47225,1840.2345,1762.08025,1809.8505,2188.0545,13449.30075,100.353
용산2가동,1,954297.619,1948699,459.6684568,95.95657143,125.2522381,223.836381,242.0727619,213.744,194.562381,195.1810476,191.5509048,1482.156286,100.269
용신동,1,958597.7778,1952921.222,236.7021226,942.5660741,1083.535993,1948.246993,2092.828933,2053.187933,2228.260733,2147.264148,2437.026533,14932.91734,100.334
우이동,0,956800,1962341.857,295.1152795,361.4142143,538.5839286,664.4976429,516.9787857,623.1283571,717.3487857,727.3289286,813.2450714,4962.525714,100.3065
우장산동,0,941564.6341,1950172.171,270.3343375,1501.790244,2131.334049,2327.283634,2642.205244,2640.130927,2411.068098,2336.628024,2239.189707,18229.62993,100.3205
원효로1동,1,952817.5,1948761.5,339.2106355,1535.5033,1208.7316,2065.20595,2746.2536,2347.57955,1952.67535,1753.5415,1771.2466,15380.73745,100.285
원효로2동,0,951897.3684,1948327.947,702.5916436,997.7771579,1254.037105,2106.488526,2420.033211,2240.385526,1806.398158,1558.559947,1762.864526,14146.54416,100.25
월계1동,1,961454.5455,1957453.545,125.654316,1602.334182,2274.065,3484.998364,2850.396727,2835.637,2968.996455,3037.438091,3130.402727,22184.26855,100.359
월계2동,1,960338.2353,1958757.824,867.1510161,983.0197647,1428.917941,1074.784412,1205.229647,1360.739059,1372.410765,1450.012882,1419.711529,10294.826,100.359
월계3동,1,961603.8462,1958256.692,242.9471056,1569.133923,1523.759615,2020.314923,2301.027769,2363.761846,2383.533308,2222.039769,2175.373615,16558.94477,100.359
월곡1동,1,958842.5,1956432.75,529.3341261,1136.17835,1269.3676,1438.5223,1719.1932,1855.432525,1802.03905,1750.833925,1711.073775,12682.64073,100.413
월곡2동,1,959890.2778,1956289.278,147.5259638,1636.064361,1979.533944,2736.424083,2296.756,2447.214389,2341.178222,2250.176194,2381.689583,18069.03678,100.413
위례동,1,968024.0385,1942010.538,1045.401449,320.0055962,232.4557885,260.6721154,392.1352308,391.6288654,331.0334423,245.591,220.1478846,2393.669923,100.5
은천동,0,950602.0833,1942936.5,309.3539728,1500.398792,1610.867333,3043.005958,3003.983625,2494.588125,2544.422,2588.885375,2643.796625,19429.94783,100.36
을지로동,1,955510.7595,1952014.823,138.5696379,550.1352405,611.222,2425.51643,3035.400241,3362.956177,3331.03538,2626.362962,2822.987165,18765.61559,100.4256
응봉동,0,958775,1950349,278.1096589,1405.1016,1778.1149,1859.2625,2485.9892,2659.8026,2134.1612,2050.5992,2232.7435,16605.7747,100.308
응암1동,1,948974.1379,1955807.621,374.3475469,1241.450552,1648.904241,1847.39469,2300.351207,2303.693,2120.538621,1997.014241,2166.792483,15626.13903,100.442
응암2동,0,949100,1954857.333,840.017492,302.4085,237.2696667,236.4398333,347.5256667,350.7046667,310.4135,314.5888333,340.7878333,2440.1385,100.442
응암3동,0,948381.25,1954542.75,341.7671557,1144.27425,1546.917375,1721.209125,1994.507375,2105.343875,2275.902375,2200.277375,2489.689125,15478.12088,100.442
이문1동,1,961176.3158,1955343.737,322.4394497,850.3914737,1959.613421,4093.105579,2023.200684,1831.358737,1792.601579,1694.230474,1893.568,16138.06995,100.103
이문2동,0,961838.8889,1956165.667,346.5016109,888.2974444,1211.781889,1388.263,1445.067,1587.372444,1530.074778,1517.506778,1659.108778,11227.47211,100.103
이촌1동,1,952892.5532,1946796.872,556.6172098,1006.443128,1121.221383,1414.078809,1861.471766,2037.036426,1707.342915,1693.732021,2310.634213,13151.96066,100.334
이촌2동,0,951868.1818,1947562.636,768.9346666,458.2930909,460.8604545,769.0037273,958.8302727,908.1308182,815.4323636,765.8106364,818.0429091,5954.404273,100.334
이태원1동,1,955116,1948343,239.4487485,527.17168,873.46476,4167.91516,2580.3198,1601.77544,1473.17636,1309.7538,1534.07952,14067.65652,100.43
이태원2동,0,954812.5,1948792.75,209.2462128,469.169375,582.780125,1395.614,1263.309875,1008.645625,915.247125,910.105875,1046.58425,7591.45625,100.43
이화동,1,956013.6364,1953378.545,331.1851658,1184.436,2182.621909,5763.825,4120.710318,3324.029182,2971.015409,2553.513727,2991.838727,25091.99027,100.395
인수동,0,957606.6667,1959559,226.0121674,943.0624667,1341.580267,2267.448867,2029.290467,2112.874733,2418.151467,2334.528333,2620.657733,16067.59433,100.329
인헌동,1,952600,1942015.667,65.1815566,1323.451,1876.338333,5201.249667,3935.663,2775.169,2530.655667,2685.248333,2828.361667,23156.13667,100.36
일원1동,0,963485.7143,1943909.204,584.6358329,661.9746327,944.7506939,1212.43,1434.304122,1464.409612,1546.549551,1431.730612,1278.301469,9974.450694,100.37
일원2동,0,962947.3214,1944118.643,417.8383547,467.2502143,685.2279643,794.2135179,1122.441446,1114.890214,1074.055321,995.6729286,875.031375,7128.782982,100.4293333
일원본동,1,963453.0612,1942943.898,356.4837498,669.0934082,1150.728857,1482.057939,1585.099163,1803.781061,1759.443224,1660.569571,1589.497612,11700.27084,100.37
자양1동,1,962760.7143,1948709.714,515.1818647,1200.767786,2173.844464,3679.085429,2663.186393,2385.340179,2514.99675,2229.498036,2298.690357,19145.40939,100.44
자양2동,0,963140.7407,1948300.852,431.334944,1732.815444,2059.347963,3110.619815,3118.688704,2966.695185,3089.02337,2786.445815,2984.547556,21848.18385,100.44
자양3동,1,962085.5263,1948527.947,305.6224019,1420.644632,1996.219,3724.180763,3234.158816,2772.766895,2745.469474,2395.271921,2623.234132,20911.94563,100.44
자양4동,0,961450,1948845.429,428.9122167,1165.667929,1784.457286,4662.069857,3655.355643,2970.238214,2797.103357,2359.806143,2250.909143,21645.60757,100.44
잠실2동,0,962883.5821,1946094.896,269.886691,1983.459119,2841.22797,2949.72597,3277.586425,3537.694366,2536.634948,2515.399127,2226.870746,21868.59867,100.452
잠실3동,1,964089.8693,1945715.667,373.7141895,3459.531562,4068.153791,4548.007026,4833.243484,4466.237477,3738.713307,3564.315582,3200.618745,31878.82097,100.452
잠실4동,0,965415.5556,1946900.111,324.6750823,1904.390289,1775.412722,2815.246744,3363.699056,2966.573711,2789.3419,2645.815533,2484.129367,20744.60932,100.447
잠실6동,1,964777.8571,1946271.143,276.77441,1472.274829,2388.763914,6140.009771,5857.5848,4454.908257,3801.849429,3269.574186,3208.306171,30593.27136,100.447
잠실7동,0,962444.1176,1945509.294,323.7940238,1130.663029,1859.637559,2057.804529,2123.874676,2003.708265,1815.737294,2041.446059,2229.111412,15261.98282,100.452
잠실본동,1,963068.8889,1945326.778,329.9999284,1119.870956,1402.766933,2012.313289,2356.7508,1952.892622,1934.147244,1950.931378,1966.545156,14696.21838,100.452
잠원동,1,956971.6418,1946278.851,313.097038,1428.196881,1925.211463,2347.887657,2975.159254,3236.420209,2479.990493,2375.415075,2395.143537,19163.42457,100.388
장안1동,1,961562.069,1951603.31,328.3092452,717.1125862,880.5017586,1993.361638,2368.188328,2304.730966,2442.188,2083.826741,1986.0905,14776.00052,100.612
장안2동,0,962248.1132,1953086.736,1252.846752,1430.456132,1389.252075,1471.916491,1937.354321,2002.581642,1912.785113,1897.927698,1830.875302,13873.14877,100.612
장위1동,0,959150,1957149,591.5560425,1482.297,1885.381,1396.892,1877.923,2016.469,1891.603,1806.572,1838.804,14195.941,100.454
장위2동,0,960709.0909,1956910.364,185.7620028,842.6276364,1070.429545,1528.297591,1495.821,1644.749955,1705.0155,1732.367364,1900.572818,11919.88141,100.454
장위3동,0,960693.3333,1957579,735.3343755,797.4642,1075.6956,1278.124533,1289.4318,1427.874533,1523.704067,1521.363133,1519.984133,10433.642,100.454
장지동,0,967173.1481,1942439.741,394.1948788,1326.105167,1664.700074,1954.961519,2370.651,2195.22087,2223.060722,1878.123944,1703.501833,15316.32513,100.394
장충동,1,956228.2609,1951168.565,191.6860212,476.631087,1091.162478,2651.785957,1895.636261,1629.888565,1419.563435,1278.866652,1321.487522,11765.02196,100.465
전농1동,1,960406.8627,1953214.686,478.3712495,770.862902,971.2875882,1539.500255,1484.368706,1507.718549,1604.661373,1580.475098,1968.407137,11427.28161,100.543
전농2동,0,961031.7073,1953495.341,892.4569654,1100.050439,1650.112683,2122.426049,1568.26322,1665.793878,1690.832488,1635.103024,1721.361317,13153.9431,100.543
정릉1동,0,957112.5,1955924,136.2675518,1719.448375,2054.126625,2047.05225,2403.9505,2692.244125,2601.51925,2592.8605,2847.14275,18958.34438,100.33
정릉3동,0,955554.3478,1956846.826,1061.816185,443.8817826,1248.128174,2150.781435,655.3265217,682.9647826,671.6842609,610.4880435,661.4378696,7124.69287,100.33
제기동,0,959082.8571,1953860.429,264.2670153,733.0004143,1148.774586,2160.435043,1518.322857,1545.615429,1813.079014,1992.736614,2667.827071,13579.79103,100.149
조원동,1,947507,1942731,437.8381793,861.1542,1116.38976,2784.48942,2857.11142,2303.975,2379.74902,2227.60858,1903.95282,16434.43022,100.428
종로1.2.3.4가동,1,954771.7877,1952536.43,192.6950817,971.8938156,1140.353631,5856.995335,6153.356218,5249.594777,4071.382207,3178.642955,3887.289838,30509.50878,100.3994828
종로5.6가동,0,956281.5068,1952562.699,193.2026393,464.7634521,1024.422452,3442.530041,3630.244904,3644.550658,4052.805753,3352.87126,3465.929918,23078.11844,100.4294
종암동,1,958992.8571,1955385.905,519.1610915,1493.107452,1928.315143,2433.218619,2311.916333,2406.655167,2401.745357,2310.486762,2625.20269,17910.64752,100.416
중계1동,1,962265,1961252,752.4499227,1361.98238,3274.18654,1980.03532,1736.1226,3186.09258,2650.79158,2059.26952,1962.93912,18211.41964,100.325
중계2.3동,0,961652.2727,1960663.773,198.2352157,2517.430205,3572.614068,3453.027636,3596.538591,4376.249864,4094.365273,3781.521932,4132.845955,29524.59352,100.325
중계4동,0,962605.9524,1962108.524,421.0162968,1338.098929,2371.018143,2006.411119,2064.210405,2810.432857,2687.800762,2403.444595,2545.7995,18227.21631,100.325
중계본동,0,962800,1961158.375,1168.452025,1480.8385,4362.469563,1951.688438,1608.265688,3305.04625,2513.200813,1682.245938,1693.915438,18597.67063,100.325
중곡1동,0,962664.9123,1951433.211,477.8876878,936.469193,890.5070351,1506.91193,1748.544158,1516.494298,1634.690491,1526.939193,1367.839368,11128.39567,100.393
중곡2동,0,963202.9412,1950882.824,283.521859,1328.029235,1469.339353,2917.227559,3192.966971,2564.331088,2648.581088,2474.7335,2221.812559,18817.02135,100.393
중곡3동,0,963037.0968,1952089.323,367.4660387,1111.779194,1190.885032,1329.073,1588.794839,1521.989258,1673.192258,1564.818645,1515.303548,11495.83577,100.393
중곡4동,0,963565.8537,1951341.683,396.863153,1609.452659,1927.481805,2097.686927,2347.890829,2254.727488,2404.42761,2275.587415,2080.343732,16997.59846,100.393
중림동,0,952970.6897,1951104.172,297.7768715,822.854931,1189.144414,2646.951828,3165.281103,2976.768517,2472.433379,2034.256897,2100.471138,17408.16221,100.5065
중앙동,1,951443.3333,1942745.667,280.8172815,1203.447667,1796.982467,5139.0158,3566.6168,2718.0914,2815.025933,2885.294733,3010.214733,23134.68953,100.36
중화1동,0,962911.1111,1955712.889,238.1968828,1513.214778,1357.510722,1868.359444,1943.776778,1923.732111,2369.500667,2159.621889,2078.6645,15214.38089,100.353
중화2동,0,962597.0588,1955400.471,250.010211,1072.865029,1111.139353,1660.9625,1644.119382,1660.031971,1969.598265,1833.332324,1825.017088,12777.06591,100.353
증산동,0,947803.3333,1953955.667,205.9176139,879.8911333,1106.363667,1225.683067,1396.639067,1433.668,1499.214133,1497.070467,1666.3446,10704.87413,100.348
진관동,1,949363.4146,1960274.61,1072.992232,708.263892,917.5116446,807.7721533,1013.250129,1176.347519,996.1433519,949.8778293,1155.23216,7724.398679,100.343
창1동,1,959878.5714,1961115.071,262.3934429,1319.371,1766.053429,1970.491214,2157.690143,2320.250679,2380.792857,2246.872679,2254.630357,16416.15236,100.295
창2동,0,958883.3333,1960426.778,601.1490147,1277.692667,1589.718778,2277.032,2422.066111,2430.803,2613.311333,2554.884222,2663.483556,17828.99167,100.295
창3동,0,959220,1959949,1014.968174,1006.2464,1143.596,1201.1356,1290.1954,1439.3066,1457.0012,1515.9388,1556.2278,10609.6478,100.295
창4동,0,960586.9565,1961140.304,308.1084559,980.5127609,1473.671196,1737.889239,1894.731152,2123.432261,2249.559783,1999.115022,2448.941587,14907.853,100.295
창5동,1,959469.4444,1961736.5,538.4202182,1294.165806,1665.366222,1801.869167,1968.938361,1992.277528,2178.906556,2092.853556,2225.394667,15219.77186,100.295
창신1동,0,957097.1429,1952583.286,122.4580143,831.2394857,1355.660314,3131.3256,3675.140857,3516.230314,3495.975829,3187.7902,3143.406714,22336.76931,100.395
창신2동,0,956700,1952624,83.73921494,650.879,1338.5045,3495.885,3831.0265,4132.647,4823.322,4146.699,4269.551,26688.514,100.395
창신3동,0,957050,1953674,221.1251324,954.3825,1341.7535,1468.1775,1612.726,1711.4845,1604.503,1180.709,1461.9395,11335.6755,100.395
천연동,0,952158.3333,1952749,245.9323645,1365.791,1605.177833,1683.244833,1829.704333,2115.212167,2068.690167,2088.365,2656.3315,15412.51683,100.326
천호1동,0,968221.4286,1949749,242.65594,1935.288714,2612.32,2930.796857,3208.114571,3164.326,3517.277714,3317.311,3129.090286,23814.52514,100.629
천호2동,1,966741.9355,1949337.71,338.9448205,1649.797806,1917.396468,3372.320435,3328.37229,3102.331935,3402.196919,3187.165613,3012.019935,22971.6014,100.629
천호3동,1,967289.1304,1948685.957,166.6176746,2448.28613,2768.987478,5831.115652,5165.56087,4313.868261,4699.934609,4501.628435,3970.394957,33699.77639,100.629
청구동,0,956936.3636,1951053.545,154.8327813,1158.322455,1411.841,2240.557727,2394.872273,2296.529,2154.948182,2035.473091,2572.481273,16265.025,100.463
청담동,1,960053.5256,1947135.218,336.6285702,975.8427756,1149.38866,2808.943038,3152.923731,2406.452141,1946.693808,1901.223833,1788.638891,16130.10688,100.45
청량리동,0,959762.1212,1954268.697,443.8329809,677.0258788,1025.585182,1852.072242,1655.285636,1635.504485,1804.879212,1980.185909,2564.65303,13195.19158,100.205
청룡동,1,951223.3333,1942412.333,283.224551,1417.693733,2401.846,6320.080867,3905.830267,3097.9398,3086.758467,2907.928467,2899.652067,26037.72967,100.36
청림동,0,952023.6842,1943449,652.0284792,1645.108842,1723.910158,2418.954737,2828.763368,2755.608053,2459.284053,2662.498105,2786.975316,19281.10263,100.36
청운효자동,0,953454.0323,1953782.065,685.5801005,508.7668065,758.6524839,1333.34,1420.550032,1327.535145,1011.096,720.8117742,816.9975,7897.749742,100.4014
청파동,1,953002,1950315,396.0674262,656.59404,1042.43036,1874.19388,1938.97876,1798.03336,1677.10552,1505.80408,1554.04432,12047.18432,100.332
충현동,1,952732.6923,1951574,140.148352,1140.438846,1963.014346,4470.049577,5561.369077,5358.946654,4012.146077,2985.8025,3224.438538,28716.20562,100.3856
평창동,1,953467.3913,1956672.913,2806.734677,285.9113478,441.9868261,508.5565652,606.6633478,695.0876957,763.5535217,675.7220435,770.0142174,4747.495565,100.404
풍납1동,0,966124.1379,1948581.759,570.1569369,1267.539828,1438.432966,1701.78,1998.625138,1955.104931,2014.226448,1948.022552,1682.131069,14005.86293,100.469
풍납2동,0,965813.3333,1947630.333,680.6367635,819.7238133,776.7687467,1532.587467,2144.78716,1964.075707,1801.20836,1600.93188,1362.98012,12003.06325,100.469
필동,1,955221.875,1951372.438,200.2706297,771.0109688,1108.155656,2762.616687,2892.584094,2711.224719,2246.123063,1742.089844,1975.242781,16209.04781,100.4271818
하계1동,0,962273.6486,1959984.135,477.1244887,955.9985811,2479.576135,2615.796784,2181.479757,2904.859865,3038.069365,2495.766135,2785.259149,19456.80577,100.324
하계2동,0,961696.1538,1959572.077,198.8795511,1342.244308,2805.618846,2929.406077,2757.186231,3676.228846,3619.033,2891.775308,3193.086077,23214.57869,100.324
한강로동,1,952987.2549,1947953.902,233.4795067,988.1250196,1096.024647,2528.301716,2898.042353,2665.493539,2118.643755,1782.178569,2135.284216,16212.09381,100.3814
한남동,1,956217.4242,1948845.591,386.2309301,494.8009773,559.4227348,1494.581795,1537.617697,1199.629583,1049.057402,1009.151288,1087.642371,8431.903848,100.505
합정동,1,948080.5556,1950104.556,206.8789389,1412.830889,1355.297333,3889.640611,3629.550667,2700.447278,2300.870222,1994.537444,2069.117056,19352.2915,100.385
행당1동,0,958982.9787,1951239.426,209.1724284,1514.76517,2421.642617,4688.027936,3808.467213,3367.547362,3131.694723,2843.982957,3128.342511,24904.47049,100.308
행당2동,0,958537.5,1950967.75,315.8733105,1757.316375,2057.7965,2067.61025,2759.83425,2761.766,2450.27875,2360.923625,2593.96225,18809.488,100.308
행운동,0,952062.8571,1942480.429,239.6371088,1412.274371,1927.529714,5566.022971,3967.935971,2851.169257,2815.435086,2912.351486,2959.590114,24412.30897,100.36
혜화동,0,955952.5,1954239,293.0936229,1091.39475,2539.5539,4694.4154,2735.99375,2495.11645,2127.332,1889.04695,2034.5179,19607.3711,100.4036
홍은1동,0,950746.6667,1955087.333,466.8042566,905.2641667,1180.657633,1268.898067,1383.755233,1588.458933,1772.4584,1708.343867,2016.283633,11824.11993,100.371
홍은2동,0,949755.0847,1953840.525,1204.308456,998.4481356,1697.774898,1901.481034,1426.590525,1605.999441,1592.875949,1554.323881,1718.547203,12496.04107,100.371
홍제1동,1,950612,1954227,480.2331249,1046.40656,1332.206,1592.71376,1664.3492,1848.2974,1921.3694,1826.43672,2129.70708,13361.48612,100.356
홍제2동,0,951398.2759,1953921.414,236.4822128,1107.128966,1269.741552,1521.980966,1660.082586,1797.585414,1914.818448,1756.594345,2028.168552,13056.10083,100.356
홍제3동,0,951066.0714,1954832.929,337.5520903,1131.7785,1481.24375,1692.439893,1708.960536,2004.538143,2153.514214,2111.048,2517.798143,14801.32118,100.356
화곡1동,1,941552,1948901,454.7734863,1976.38524,1565.10592,2029.23024,2484.509,2048.15748,2113.80192,2166.49044,2032.64316,16416.3234,100.356
화곡2동,0,942825,1948749,699.969185,1403.02,1408.647,1416.2805,1888.792,1797.963,1560.949,1724.6585,1331.9675,12532.2775,100.356
화곡3동,0,941375,1949370.429,311.773247,1749.201,1902.251571,2734.073286,2908.716071,2505.864643,2515.800071,2481.168357,2510.404786,19307.47979,100.356
화곡4동,1,943666.6667,1948090.667,468.3000847,1146.156833,1411.168,1865.978833,2057.213833,1985.166167,1953.754333,1850.147167,1786.939167,14056.52433,100.356
화곡6동,0,942575,1950495.154,935.5337962,849.4811923,1030.116038,2090.317423,2150.129654,1777.021115,1834.633962,1745.631769,1632.787154,13110.11831,100.356
화곡8동,0,942325,1948149,186.3430392,2570.34975,2376.0985,4501.21675,5437.3855,4147.488,3985.627,3774.67525,3448.03225,30240.873,100.356
화곡본동,0,941981.5789,1949488.474,348.95916,1448.919368,1539.233684,2599.293053,2943.582526,2280.862158,2338.688684,2377.496579,2181.240684,17709.31674,100.356
화양동,1,962018.6567,1949315.418,239.2075662,1152.268224,2736.847373,8084.406328,3865.795104,2836.183522,2620.579851,2197.866836,2215.822179,25709.76942,100.244
황학동,1,957657.5,1952104,207.8179897,1303.94025,1153.60475,2170.1911,2461.33775,2184.21835,2354.506,2187.0007,2310.1428,16124.9417,100.496
회기동,1,960559.0909,1954712.636,445.2789681,1160.408273,2223.849364,4866.037818,2559.368182,2246.640909,2184.383545,2094.623818,2371.238909,19706.55082,100.4
회현동,1,953700.625,1950958.375,193.8123497,729.9161375,919.0331625,3863.37895,5499.150175,4746.87395,3604.342613,2770.930238,2984.830475,25118.4557,100.4205
효창동,0,952268.1818,1949185.364,219.463543,1459.145091,1668.804727,2068.223364,2302.850455,2152.705545,2043.750273,2024.715455,2274.932182,15995.12709,100.111
후암동,0,954161.1111,1950295.296,744.0975899,509.401963,608.6708889,963.4366667,1102.040111,1069.480148,1005.479407,911.5783333,975.0202222,7145.107741,100.292
휘경1동,0,961183.9286,1954620.429,268.3032715,1063.042107,1852.657107,4211.01425,2507.163321,2308.714821,2383.590821,2313.451321,2632.567321,19272.20107,100.198
휘경2동,0,961964.7059,1954232.824,894.8148807,906.9953235,1291.196971,1477.045235,1387.097265,1525.701088,1492.756324,1430.715529,1481.731882,10993.23962,100.198
흑석동,1,952641.6667,1945374,376.3105254,673.2756875,984.255875,1825.771396,1246.842583,1208.918792,1171.403479,1196.148188,1286.82125,9593.43725,100.405
